global_id,dataset_source,is_dhi,kind,tier,il_center,xl_center,site_id,loso_probability,loso_prediction,v1style_loso_probability,v1style_loso_prediction
H1:0,H1,True,tier1_subtle,tier1_subtle,251.0,429.0,H1:251.0_429.0,0.7672322988510132,True,0.8851946592330933,True
H1:1,H1,True,tier1_subtle,tier1_subtle,247.0,922.0,H1:247.0_922.0,0.861849844455719,True,0.8208587765693665,True
H1:2,H1,True,tier1_subtle,tier1_subtle,191.0,995.0,H1:191.0_995.0,0.9390583038330078,True,0.965269148349762,True
H1:3,H1,True,tier1_subtle,tier1_subtle,180.0,426.0,H1:180.0_426.0,0.5118208527565002,True,0.8607621192932129,True
H1:4,H1,True,tier1_subtle,tier1_subtle,194.0,1069.0,H1:194.0_1069.0,0.9349387288093567,True,0.8454163074493408,True
H1:5,H1,True,tier1_subtle,tier1_subtle,153.0,469.0,H1:153.0_469.0,0.7737917304039001,True,0.6957269310951233,True
H1:6,H1,True,tier1_subtle,tier1_subtle,157.0,1038.0,H1:157.0_1038.0,0.7526305913925171,True,0.7559314966201782,True
H1:7,H1,True,tier1_subtle,tier1_subtle,191.0,995.0,H1:191.0_995.0,0.9390583038330078,True,0.9666275978088379,True
H1:8,H1,True,tier1_subtle,tier1_subtle,153.0,469.0,H1:153.0_469.0,0.7386643886566162,True,0.6957269310951233,True
H1:9,H1,True,tier1_subtle,tier1_subtle,194.0,1069.0,H1:194.0_1069.0,0.9349387288093567,True,0.8525347709655762,True
H1:10,H1,True,tier1_subtle,tier1_subtle,157.0,1038.0,H1:157.0_1038.0,0.7528435587882996,True,0.7684124112129211,True
H1:11,H1,True,tier1_subtle,tier1_subtle,180.0,426.0,H1:180.0_426.0,0.7408501505851746,True,0.8607621192932129,True
H1:12,H1,True,tier1_subtle,tier1_subtle,251.0,429.0,H1:251.0_429.0,0.7600859999656677,True,0.8854167461395264,True
H1:13,H1,True,tier1_subtle,tier1_subtle,247.0,922.0,H1:247.0_922.0,0.8687583208084106,True,0.8327714800834656,True
H1:14,H1,True,tier1_subtle,tier1_subtle,191.0,995.0,H1:191.0_995.0,0.9071982502937317,True,0.9441457986831665,True
H1:15,H1,True,tier1_subtle,tier1_subtle,157.0,1038.0,H1:157.0_1038.0,0.7599016427993774,True,0.7559314966201782,True
H1:16,H1,True,tier1_subtle,tier1_subtle,247.0,922.0,H1:247.0_922.0,0.8760600686073303,True,0.8240227699279785,True
H1:17,H1,True,tier1_subtle,tier1_subtle,251.0,429.0,H1:251.0_429.0,0.7930434942245483,True,0.8851946592330933,True
H1:18,H1,True,tier1_subtle,tier1_subtle,180.0,426.0,H1:180.0_426.0,0.7408501505851746,True,0.8607621192932129,True
H1:19,H1,True,tier1_subtle,tier1_subtle,153.0,469.0,H1:153.0_469.0,0.7737917304039001,True,0.6957269310951233,True
H1:20,H1,True,tier1_subtle,tier1_subtle,194.0,1069.0,H1:194.0_1069.0,0.9346230030059814,True,0.8454163074493408,True
H1:21,H1,True,tier1_subtle,tier1_subtle,157.0,1038.0,H1:157.0_1038.0,0.7512194514274597,True,0.7733554840087891,True
H1:22,H1,True,tier1_subtle,tier1_subtle,191.0,995.0,H1:191.0_995.0,0.9390583038330078,True,0.9637864232063293,True
H1:23,H1,True,tier1_subtle,tier1_subtle,153.0,469.0,H1:153.0_469.0,0.7737917304039001,True,0.7030974626541138,True
H1:24,H1,True,tier1_subtle,tier1_subtle,180.0,426.0,H1:180.0_426.0,0.7305495738983154,True,0.8690891265869141,True
H1:25,H1,True,tier1_subtle,tier1_subtle,251.0,429.0,H1:251.0_429.0,0.7726365923881531,True,0.8941375613212585,True
H1:26,H1,True,tier1_subtle,tier1_subtle,247.0,922.0,H1:247.0_922.0,0.8823549747467041,True,0.8324924111366272,True
H1:27,H1,True,tier1_subtle,tier1_subtle,194.0,1069.0,H1:194.0_1069.0,0.9346230030059814,True,0.8525347709655762,True
H1:28,H1,True,tier1_subtle,tier1_subtle,157.0,1038.0,H1:157.0_1038.0,0.7601103186607361,True,0.7684124112129211,True
H1:29,H1,True,tier1_subtle,tier1_subtle,194.0,1069.0,H1:194.0_1069.0,0.9346230030059814,True,0.8454163074493408,True
H1:30,H1,True,tier1_subtle,tier1_subtle,247.0,922.0,H1:247.0_922.0,0.8823549747467041,True,0.832565188407898,True
H1:31,H1,True,tier1_subtle,tier1_subtle,180.0,426.0,H1:180.0_426.0,0.761044442653656,True,0.8455004096031189,True
H1:32,H1,True,tier1_subtle,tier1_subtle,153.0,469.0,H1:153.0_469.0,0.7049897313117981,True,0.7122413516044617,True
H1:33,H1,True,tier1_subtle,tier1_subtle,251.0,429.0,H1:251.0_429.0,0.7839064002037048,True,0.8822581768035889,True
H1:34,H1,True,tier1_subtle,tier1_subtle,191.0,995.0,H1:191.0_995.0,0.9390583038330078,True,0.965269148349762,True
H1:35,H1,True,tier1_subtle,tier1_subtle,157.0,1038.0,H1:157.0_1038.0,0.7704907059669495,True,0.7684124112129211,True
H1:36,H1,True,tier1_subtle,tier1_subtle,194.0,1069.0,H1:194.0_1069.0,0.9346230030059814,True,0.8525347709655762,True
H1:37,H1,True,tier1_subtle,tier1_subtle,180.0,426.0,H1:180.0_426.0,0.6813579797744751,True,0.8526583313941956,True
H1:38,H1,True,tier1_subtle,tier1_subtle,247.0,922.0,H1:247.0_922.0,0.8654659986495972,True,0.821549117565155,True
H1:39,H1,True,tier1_subtle,tier1_subtle,153.0,469.0,H1:153.0_469.0,0.7915120124816895,True,0.6816346645355225,True
H1:40,H1,True,tier1_subtle,tier1_subtle,251.0,429.0,H1:251.0_429.0,0.7905386686325073,True,0.8851946592330933,True
H1:41,H1,True,tier1_subtle,tier1_subtle,191.0,995.0,H1:191.0_995.0,0.8981555700302124,True,0.941683828830719,True
H1:42,H1,True,tier1_subtle,tier1_subtle,247.0,922.0,H1:247.0_922.0,0.8743939995765686,True,0.8383877873420715,True
H1:43,H1,True,tier1_subtle,tier1_subtle,157.0,1038.0,H1:157.0_1038.0,0.7679852247238159,True,0.7559314966201782,True
H1:44,H1,True,tier2_approaching,tier2_approaching,157.0,1038.0,H1:157.0_1038.0,0.6824741363525391,True,0.7191669940948486,True
H1:45,H1,True,tier2_approaching,tier2_approaching,191.0,995.0,H1:191.0_995.0,0.9379043579101562,True,0.9485355019569397,True
H1:46,H1,True,tier2_approaching,tier2_approaching,194.0,1069.0,H1:194.0_1069.0,0.9395976066589355,True,0.8615261912345886,True
H1:47,H1,True,tier2_approaching,tier2_approaching,251.0,429.0,H1:251.0_429.0,0.8429307341575623,True,0.8750687837600708,True
H1:48,H1,True,tier2_approaching,tier2_approaching,247.0,922.0,H1:247.0_922.0,0.8549788594245911,True,0.726737380027771,True
H1:49,H1,True,tier2_approaching,tier2_approaching,180.0,426.0,H1:180.0_426.0,0.7194057106971741,True,0.9045957922935486,True
H1:50,H1,True,tier2_approaching,tier2_approaching,153.0,469.0,H1:153.0_469.0,0.8154770135879517,True,0.6212491393089294,True
H1:51,H1,True,tier2_approaching,tier2_approaching,191.0,995.0,H1:191.0_995.0,0.9343379735946655,True,0.9529443383216858,True
H1:52,H1,True,tier2_approaching,tier2_approaching,180.0,426.0,H1:180.0_426.0,0.7087340950965881,True,0.9108341932296753,True
H1:53,H1,True,tier2_approaching,tier2_approaching,153.0,469.0,H1:153.0_469.0,0.8060389757156372,True,0.6379352807998657,True
H1:54,H1,True,tier2_approaching,tier2_approaching,251.0,429.0,H1:251.0_429.0,0.8429307341575623,True,0.8750687837600708,True
H1:55,H1,True,tier2_approaching,tier2_approaching,194.0,1069.0,H1:194.0_1069.0,0.939617931842804,True,0.7471158504486084,True
H1:56,H1,True,tier2_approaching,tier2_approaching,247.0,922.0,H1:247.0_922.0,0.8588612079620361,True,0.7106008529663086,True
H1:57,H1,True,tier2_approaching,tier2_approaching,157.0,1038.0,H1:157.0_1038.0,0.7754377722740173,True,0.7710544466972351,True
H1:58,H1,True,tier2_approaching,tier2_approaching,247.0,922.0,H1:247.0_922.0,0.8632693886756897,True,0.6792647242546082,True
H1:59,H1,True,tier2_approaching,tier2_approaching,194.0,1069.0,H1:194.0_1069.0,0.9395976066589355,True,0.8573864102363586,True
H1:60,H1,True,tier2_approaching,tier2_approaching,251.0,429.0,H1:251.0_429.0,0.8301302194595337,True,0.8721752762794495,True
H1:61,H1,True,tier2_approaching,tier2_approaching,180.0,426.0,H1:180.0_426.0,0.734783411026001,True,0.9007653594017029,True
H1:62,H1,True,tier2_approaching,tier2_approaching,191.0,995.0,H1:191.0_995.0,0.9412840604782104,True,0.9646374583244324,True
H1:63,H1,True,tier2_approaching,tier2_approaching,157.0,1038.0,H1:157.0_1038.0,0.5983790159225464,True,0.6504563689231873,True
H1:64,H1,True,tier2_approaching,tier2_approaching,153.0,469.0,H1:153.0_469.0,0.841173529624939,True,0.6503910422325134,True
H1:65,H1,True,tier2_approaching,tier2_approaching,194.0,1069.0,H1:194.0_1069.0,0.9382609128952026,True,0.8639209866523743,True
H1:66,H1,True,tier2_approaching,tier2_approaching,180.0,426.0,H1:180.0_426.0,0.7327141761779785,True,0.9348779320716858,True
H1:67,H1,True,tier2_approaching,tier2_approaching,247.0,922.0,H1:247.0_922.0,0.8763574957847595,True,0.7029368281364441,True
H1:68,H1,True,tier2_approaching,tier2_approaching,157.0,1038.0,H1:157.0_1038.0,0.6642129421234131,True,0.729011058807373,True
H1:69,H1,True,tier2_approaching,tier2_approaching,191.0,995.0,H1:191.0_995.0,0.9412840604782104,True,0.9636437892913818,True
H1:70,H1,True,tier2_approaching,tier2_approaching,251.0,429.0,H1:251.0_429.0,0.8384925127029419,True,0.8721752762794495,True
H1:71,H1,True,tier2_approaching,tier2_approaching,157.0,1038.0,H1:157.0_1038.0,0.6778286695480347,True,0.7266554236412048,True
H1:72,H1,True,tier2_approaching,tier2_approaching,180.0,426.0,H1:180.0_426.0,0.7562866806983948,True,0.9008098244667053,True
H1:73,H1,True,tier2_approaching,tier2_approaching,191.0,995.0,H1:191.0_995.0,0.9412840604782104,True,0.9670106768608093,True
H1:74,H1,True,tier2_approaching,tier2_approaching,153.0,469.0,H1:153.0_469.0,0.8201099038124084,True,0.6772217154502869,True
H1:75,H1,True,tier2_approaching,tier2_approaching,194.0,1069.0,H1:194.0_1069.0,0.9395976066589355,True,0.8573864102363586,True
H1:76,H1,True,tier2_approaching,tier2_approaching,251.0,429.0,H1:251.0_429.0,0.8035467863082886,True,0.8709015250205994,True
H1:77,H1,True,tier2_approaching,tier2_approaching,247.0,922.0,H1:247.0_922.0,0.8269199728965759,True,0.6980717182159424,True
H1:78,H1,True,tier2_approaching,tier2_approaching,191.0,995.0,H1:191.0_995.0,0.924317479133606,True,0.9514544010162354,True
H1:79,H1,True,tier2_approaching,tier2_approaching,194.0,1069.0,H1:194.0_1069.0,0.9371124505996704,True,0.8574062585830688,True
H1:80,H1,True,tier2_approaching,tier2_approaching,247.0,922.0,H1:247.0_922.0,0.9030608534812927,True,0.6510667204856873,True
H1:81,H1,True,tier2_approaching,tier2_approaching,251.0,429.0,H1:251.0_429.0,0.8301302194595337,True,0.8721752762794495,True
H1:82,H1,True,tier2_approaching,tier2_approaching,157.0,1038.0,H1:157.0_1038.0,0.7754377722740173,True,0.7710544466972351,True
H1:83,H1,True,tier2_approaching,tier2_approaching,180.0,426.0,H1:180.0_426.0,0.7420640587806702,True,0.9041056632995605,True
H1:84,H1,True,tier2_approaching,tier2_approaching,153.0,469.0,H1:153.0_469.0,0.8589525818824768,True,0.6747355461120605,True
H1:85,H1,True,tier2_approaching,tier2_approaching,247.0,922.0,H1:247.0_922.0,0.8289881944656372,True,0.6896093487739563,True
H1:86,H1,True,tier2_approaching,tier2_approaching,191.0,995.0,H1:191.0_995.0,0.915623664855957,True,0.9531347155570984,True
H1:87,H1,True,tier3_at_tuning,tier3_at_tuning,191.0,995.0,H1:191.0_995.0,0.9317883253097534,True,0.9494403004646301,True
H1:88,H1,True,tier3_at_tuning,tier3_at_tuning,194.0,1069.0,H1:194.0_1069.0,0.9132814407348633,True,0.8916810154914856,True
H1:89,H1,True,tier3_at_tuning,tier3_at_tuning,251.0,429.0,H1:251.0_429.0,0.869319498538971,True,0.878304660320282,True
H1:90,H1,True,tier3_at_tuning,tier3_at_tuning,180.0,426.0,H1:180.0_426.0,0.7343533039093018,True,0.9329627752304077,True
H1:91,H1,True,tier3_at_tuning,tier3_at_tuning,247.0,922.0,H1:247.0_922.0,0.7563441395759583,True,0.6953806281089783,True
H1:92,H1,True,tier3_at_tuning,tier3_at_tuning,153.0,469.0,H1:153.0_469.0,0.7593753933906555,True,0.7987577319145203,True
H1:93,H1,True,tier3_at_tuning,tier3_at_tuning,157.0,1038.0,H1:157.0_1038.0,0.6326205730438232,True,0.6917046904563904,True
H1:94,H1,True,tier3_at_tuning,tier3_at_tuning,191.0,995.0,H1:191.0_995.0,0.9344727993011475,True,0.947841227054596,True
H1:95,H1,True,tier3_at_tuning,tier3_at_tuning,180.0,426.0,H1:180.0_426.0,0.670465350151062,True,0.9601829051971436,True
H1:96,H1,True,tier3_at_tuning,tier3_at_tuning,194.0,1069.0,H1:194.0_1069.0,0.9446455240249634,True,0.8983443379402161,True
H1:97,H1,True,tier3_at_tuning,tier3_at_tuning,251.0,429.0,H1:251.0_429.0,0.8579692244529724,True,0.8911697864532471,True
H1:98,H1,True,tier3_at_tuning,tier3_at_tuning,247.0,922.0,H1:247.0_922.0,0.7830396890640259,True,0.8139169812202454,True
H1:99,H1,True,tier3_at_tuning,tier3_at_tuning,157.0,1038.0,H1:157.0_1038.0,0.2772388160228729,False,0.4792434275150299,False
H1:100,H1,True,tier3_at_tuning,tier3_at_tuning,153.0,469.0,H1:153.0_469.0,0.6703166961669922,True,0.7846411466598511,True
H1:101,H1,True,tier3_at_tuning,tier3_at_tuning,194.0,1069.0,H1:194.0_1069.0,0.9290092587471008,True,0.8381609916687012,True
H1:102,H1,True,tier3_at_tuning,tier3_at_tuning,153.0,469.0,H1:153.0_469.0,0.7215221524238586,True,0.8089236617088318,True
H1:103,H1,True,tier3_at_tuning,tier3_at_tuning,247.0,922.0,H1:247.0_922.0,0.8350921273231506,True,0.8053683638572693,True
H1:104,H1,True,tier3_at_tuning,tier3_at_tuning,251.0,429.0,H1:251.0_429.0,0.869319498538971,True,0.865878701210022,True
H1:105,H1,True,tier3_at_tuning,tier3_at_tuning,191.0,995.0,H1:191.0_995.0,0.9346635341644287,True,0.9419978857040405,True
H1:106,H1,True,tier3_at_tuning,tier3_at_tuning,157.0,1038.0,H1:157.0_1038.0,0.5994106531143188,True,0.687190592288971,True
H1:107,H1,True,tier3_at_tuning,tier3_at_tuning,180.0,426.0,H1:180.0_426.0,0.6487699151039124,True,0.9665919542312622,True
H1:108,H1,True,tier3_at_tuning,tier3_at_tuning,191.0,995.0,H1:191.0_995.0,0.9337574243545532,True,0.9442266821861267,True
H1:109,H1,True,tier3_at_tuning,tier3_at_tuning,194.0,1069.0,H1:194.0_1069.0,0.9500442147254944,True,0.8898627758026123,True
H1:110,H1,True,tier3_at_tuning,tier3_at_tuning,157.0,1038.0,H1:157.0_1038.0,0.5977955460548401,True,0.7736194729804993,True
H1:111,H1,True,tier3_at_tuning,tier3_at_tuning,247.0,922.0,H1:247.0_922.0,0.7908918857574463,True,0.7109658122062683,True
H1:112,H1,True,tier3_at_tuning,tier3_at_tuning,180.0,426.0,H1:180.0_426.0,0.43985462188720703,False,0.9368886947631836,True
H1:113,H1,True,tier3_at_tuning,tier3_at_tuning,251.0,429.0,H1:251.0_429.0,0.869319498538971,True,0.865878701210022,True
H1:114,H1,True,tier3_at_tuning,tier3_at_tuning,251.0,429.0,H1:251.0_429.0,0.8579692244529724,True,0.885169506072998,True
H1:115,H1,True,tier3_at_tuning,tier3_at_tuning,247.0,922.0,H1:247.0_922.0,0.8002451062202454,True,0.7672485709190369,True
H1:116,H1,True,tier3_at_tuning,tier3_at_tuning,180.0,426.0,H1:180.0_426.0,0.23285342752933502,False,0.9608147144317627,True
H1:117,H1,True,tier3_at_tuning,tier3_at_tuning,191.0,995.0,H1:191.0_995.0,0.933628499507904,True,0.9440951347351074,True
H1:118,H1,True,tier3_at_tuning,tier3_at_tuning,194.0,1069.0,H1:194.0_1069.0,0.9421708583831787,True,0.8461819887161255,True
H1:119,H1,True,tier3_at_tuning,tier3_at_tuning,153.0,469.0,H1:153.0_469.0,0.7968140244483948,True,0.8154545426368713,True
H1:120,H1,True,tier3_at_tuning,tier3_at_tuning,157.0,1038.0,H1:157.0_1038.0,0.633445680141449,True,0.7390326857566833,True
H1:121,H1,True,tier3_at_tuning,tier3_at_tuning,251.0,429.0,H1:251.0_429.0,0.8346651196479797,True,0.8204278349876404,True
H1:122,H1,True,tier3_at_tuning,tier3_at_tuning,191.0,995.0,H1:191.0_995.0,0.9353855848312378,True,0.9510548114776611,True
H1:123,H1,True,tier3_at_tuning,tier3_at_tuning,157.0,1038.0,H1:157.0_1038.0,0.5924907326698303,True,0.693953275680542,True
H1:124,H1,True,tier3_at_tuning,tier3_at_tuning,194.0,1069.0,H1:194.0_1069.0,0.9282729625701904,True,0.8479184508323669,True
H1:125,H1,True,tier3_at_tuning,tier3_at_tuning,153.0,469.0,H1:153.0_469.0,0.7184714674949646,True,0.7353886961936951,True
H1:126,H1,True,tier3_at_tuning,tier3_at_tuning,247.0,922.0,H1:247.0_922.0,0.7076267600059509,True,0.5191971659660339,True
H1:127,H1,True,tier3_at_tuning,tier3_at_tuning,180.0,426.0,H1:180.0_426.0,0.567441463470459,True,0.960641086101532,True
H1:128,H1,True,tier3_at_tuning,tier3_at_tuning,251.0,429.0,H1:251.0_429.0,0.869319498538971,True,0.8466576933860779,True
H1:129,H1,True,tier4_obvious,tier4_obvious,194.0,1069.0,H1:194.0_1069.0,0.9088581204414368,True,0.781856894493103,True
H1:130,H1,True,tier4_obvious,tier4_obvious,153.0,469.0,H1:153.0_469.0,0.7423056960105896,True,0.6483216285705566,True
H1:131,H1,True,tier4_obvious,tier4_obvious,191.0,995.0,H1:191.0_995.0,0.9323445558547974,True,0.9494403004646301,True
H1:132,H1,True,tier4_obvious,tier4_obvious,180.0,426.0,H1:180.0_426.0,0.17693249881267548,False,0.9097221493721008,True
H1:133,H1,True,tier4_obvious,tier4_obvious,247.0,922.0,H1:247.0_922.0,0.5959234237670898,True,0.555317759513855,True
H1:134,H1,True,tier4_obvious,tier4_obvious,251.0,429.0,H1:251.0_429.0,0.8981053829193115,True,0.8531852960586548,True
H1:135,H1,True,tier4_obvious,tier4_obvious,157.0,1038.0,H1:157.0_1038.0,0.5995163917541504,True,0.6562296152114868,True
H1:136,H1,True,tier4_obvious,tier4_obvious,157.0,1038.0,H1:157.0_1038.0,0.29493477940559387,False,0.4192444980144501,False
H1:137,H1,True,tier4_obvious,tier4_obvious,247.0,922.0,H1:247.0_922.0,0.7652169466018677,True,0.5578587055206299,True
H1:138,H1,True,tier4_obvious,tier4_obvious,191.0,995.0,H1:191.0_995.0,0.9342473745346069,True,0.9435646533966064,True
H1:139,H1,True,tier4_obvious,tier4_obvious,194.0,1069.0,H1:194.0_1069.0,0.9376822113990784,True,0.888049304485321,True
H1:140,H1,True,tier4_obvious,tier4_obvious,251.0,429.0,H1:251.0_429.0,0.8702274560928345,True,0.8515887260437012,True
H1:141,H1,True,tier4_obvious,tier4_obvious,180.0,426.0,H1:180.0_426.0,0.6579058170318604,True,0.904025673866272,True
H1:142,H1,True,tier4_obvious,tier4_obvious,247.0,922.0,H1:247.0_922.0,0.6756564378738403,True,0.6910736560821533,True
H1:143,H1,True,tier4_obvious,tier4_obvious,157.0,1038.0,H1:157.0_1038.0,0.5824140310287476,True,0.5830464959144592,True
H1:144,H1,True,tier4_obvious,tier4_obvious,194.0,1069.0,H1:194.0_1069.0,0.9241189956665039,True,0.806303858757019,True
H1:145,H1,True,tier4_obvious,tier4_obvious,251.0,429.0,H1:251.0_429.0,0.8938478231430054,True,0.8550426363945007,True
H1:146,H1,True,tier4_obvious,tier4_obvious,191.0,995.0,H1:191.0_995.0,0.9275671243667603,True,0.9305453896522522,True
H1:147,H1,True,tier4_obvious,tier4_obvious,180.0,426.0,H1:180.0_426.0,0.2665896713733673,False,0.9007917642593384,True
H1:148,H1,True,tier4_obvious,tier4_obvious,247.0,922.0,H1:247.0_922.0,0.6462469100952148,True,0.6795748472213745,True
H1:149,H1,True,tier4_obvious,tier4_obvious,157.0,1038.0,H1:157.0_1038.0,0.37911275029182434,False,0.44989049434661865,False
H1:150,H1,True,tier4_obvious,tier4_obvious,180.0,426.0,H1:180.0_426.0,0.2886061668395996,False,0.932213306427002,True
H1:151,H1,True,tier4_obvious,tier4_obvious,191.0,995.0,H1:191.0_995.0,0.9346204996109009,True,0.9424703121185303,True
H1:152,H1,True,tier4_obvious,tier4_obvious,251.0,429.0,H1:251.0_429.0,0.8545453548431396,True,0.8466576933860779,True
H1:153,H1,True,tier4_obvious,tier4_obvious,194.0,1069.0,H1:194.0_1069.0,0.9534734487533569,True,0.850784182548523,True
H1:154,H1,True,tier4_obvious,tier4_obvious,194.0,1069.0,H1:194.0_1069.0,0.9304934740066528,True,0.8411324620246887,True
H1:155,H1,True,tier4_obvious,tier4_obvious,157.0,1038.0,H1:157.0_1038.0,0.33340445160865784,False,0.431936115026474,False
H1:156,H1,True,tier4_obvious,tier4_obvious,191.0,995.0,H1:191.0_995.0,0.9277547597885132,True,0.9405953884124756,True
H1:157,H1,True,tier4_obvious,tier4_obvious,180.0,426.0,H1:180.0_426.0,0.26759660243988037,False,0.9581674933433533,True
H1:158,H1,True,tier4_obvious,tier4_obvious,251.0,429.0,H1:251.0_429.0,0.8243309855461121,True,0.8156099915504456,True
H1:159,H1,True,tier4_obvious,tier4_obvious,247.0,922.0,H1:247.0_922.0,0.6388566493988037,True,0.6931368112564087,True
H1:160,H1,True,tier4_obvious,tier4_obvious,194.0,1069.0,H1:194.0_1069.0,0.9290951490402222,True,0.8531746864318848,True
H1:161,H1,True,tier4_obvious,tier4_obvious,157.0,1038.0,H1:157.0_1038.0,0.35878804326057434,False,0.5344462990760803,True
H1:162,H1,True,tier4_obvious,tier4_obvious,180.0,426.0,H1:180.0_426.0,0.23150505125522614,False,0.9404737949371338,True
H1:163,H1,True,tier4_obvious,tier4_obvious,247.0,922.0,H1:247.0_922.0,0.7008460164070129,True,0.6019788384437561,True
H1:164,H1,True,tier4_obvious,tier4_obvious,251.0,429.0,H1:251.0_429.0,0.8702274560928345,True,0.7929326891899109,True
H1:165,H1,True,tier4_obvious,tier4_obvious,191.0,995.0,H1:191.0_995.0,0.9330204725265503,True,0.9495619535446167,True
H1:166,H1,False,hard_negative_no_conformance,tier1_subtle,191.0,995.0,H1:191.0_995.0,0.2509028911590576,False,0.35225480794906616,False
H1:167,H1,False,hard_negative_no_conformance,tier1_subtle,153.0,469.0,H1:153.0_469.0,0.006702745333313942,False,0.01075279526412487,False
H1:168,H1,False,hard_negative_no_conformance,tier2_approaching,180.0,426.0,H1:180.0_426.0,0.015187173150479794,False,0.011963003315031528,False
H1:169,H1,False,hard_negative_no_conformance,tier4_obvious,251.0,429.0,H1:251.0_429.0,0.013743555173277855,False,0.03170585632324219,False
H1:170,H1,False,hard_negative_no_conformance,tier3_at_tuning,194.0,1069.0,H1:194.0_1069.0,0.8081676959991455,True,0.4664875566959381,False
H1:171,H1,False,hard_negative_no_conformance,tier3_at_tuning,157.0,1038.0,H1:157.0_1038.0,0.06613856554031372,False,0.031716104596853256,False
H1:172,H1,False,hard_negative_no_conformance,tier1_subtle,247.0,922.0,H1:247.0_922.0,0.15779101848602295,False,0.21048443019390106,False
H1:173,H1,False,hard_negative_no_conformance,tier2_approaching,310.0,1152.0,H1:310.0_1152.0,0.02133699133992195,False,0.055563364177942276,False
H1:174,H1,False,hard_negative_no_conformance,tier3_at_tuning,157.0,1038.0,H1:157.0_1038.0,0.06447282433509827,False,0.03098786436021328,False
H1:175,H1,False,hard_negative_no_conformance,tier2_approaching,153.0,469.0,H1:153.0_469.0,0.006079158745706081,False,0.019092487171292305,False
H1:176,H1,False,hard_negative_no_conformance,tier3_at_tuning,180.0,426.0,H1:180.0_426.0,0.013574804179370403,False,0.014960121363401413,False
H1:177,H1,False,hard_negative_no_conformance,tier1_subtle,247.0,922.0,H1:247.0_922.0,0.163324773311615,False,0.19550205767154694,False
H1:178,H1,False,hard_negative_no_conformance,tier4_obvious,310.0,1152.0,H1:310.0_1152.0,0.011349562555551529,False,0.05821844935417175,False
H1:179,H1,False,hard_negative_no_conformance,tier3_at_tuning,251.0,429.0,H1:251.0_429.0,0.015609769150614738,False,0.047320716083049774,False
H1:180,H1,False,hard_negative_no_conformance,tier4_obvious,194.0,1069.0,H1:194.0_1069.0,0.7787145376205444,True,0.37347254157066345,False
H1:181,H1,False,hard_negative_no_conformance,tier2_approaching,191.0,995.0,H1:191.0_995.0,0.24622254073619843,False,0.4111180901527405,False
H1:182,H1,False,hard_negative_no_conformance,tier1_subtle,153.0,469.0,H1:153.0_469.0,0.005762696266174316,False,0.010482748970389366,False
H1:183,H1,False,hard_negative_no_conformance,tier4_obvious,251.0,429.0,H1:251.0_429.0,0.015609769150614738,False,0.03677042946219444,False
H1:184,H1,False,hard_negative_no_conformance,tier2_approaching,180.0,426.0,H1:180.0_426.0,0.015586772002279758,False,0.013995806686580181,False
H1:185,H1,False,hard_negative_no_conformance,tier3_at_tuning,157.0,1038.0,H1:157.0_1038.0,0.06613856554031372,False,0.029322808608412743,False
H1:186,H1,False,hard_negative_no_conformance,tier3_at_tuning,247.0,922.0,H1:247.0_922.0,0.3205423355102539,False,0.5777997970581055,True
H1:187,H1,False,hard_negative_no_conformance,tier2_approaching,191.0,995.0,H1:191.0_995.0,0.2608504891395569,False,0.4111180901527405,False
H1:188,H1,False,hard_negative_no_conformance,tier1_subtle,310.0,1152.0,H1:310.0_1152.0,0.01375366747379303,False,0.012309694662690163,False
H1:189,H1,False,hard_negative_no_conformance,tier4_obvious,194.0,1069.0,H1:194.0_1069.0,0.7504183053970337,True,0.36788880825042725,False
H1:190,H1,False,hard_negative_no_conformance,tier2_approaching,251.0,429.0,H1:251.0_429.0,0.015609769150614738,False,0.04686702787876129,False
H1:191,H1,False,hard_negative_no_conformance,tier1_subtle,191.0,995.0,H1:191.0_995.0,0.2509028911590576,False,0.3615396022796631,False
H1:192,H1,False,hard_negative_no_conformance,tier2_approaching,180.0,426.0,H1:180.0_426.0,0.015464047901332378,False,0.011631935834884644,False
H1:193,H1,False,hard_negative_no_conformance,tier4_obvious,194.0,1069.0,H1:194.0_1069.0,0.741635799407959,True,0.26539143919944763,False
H1:194,H1,False,hard_negative_no_conformance,tier1_subtle,310.0,1152.0,H1:310.0_1152.0,0.02188609354197979,False,0.008822589181363583,False
H1:195,H1,False,hard_negative_no_conformance,tier1_subtle,247.0,922.0,H1:247.0_922.0,0.179077610373497,False,0.2395576685667038,False
H1:196,H1,False,hard_negative_no_conformance,tier1_subtle,153.0,469.0,H1:153.0_469.0,0.005918835289776325,False,0.010482748970389366,False
H1:197,H1,False,hard_negative_no_conformance,tier4_obvious,157.0,1038.0,H1:157.0_1038.0,0.06613856554031372,False,0.035848814994096756,False
H1:198,H1,False,hard_negative_no_conformance,tier1_subtle,191.0,995.0,H1:191.0_995.0,0.2509028911590576,False,0.3615396022796631,False
H1:199,H1,False,hard_negative_no_conformance,tier3_at_tuning,251.0,429.0,H1:251.0_429.0,0.015609769150614738,False,0.047320716083049774,False
H1:200,H1,False,hard_negative_no_conformance,tier2_approaching,247.0,922.0,H1:247.0_922.0,0.21258307993412018,False,0.3485199213027954,False
H1:201,H1,False,hard_negative_no_conformance,tier4_obvious,310.0,1152.0,H1:310.0_1152.0,0.011349562555551529,False,0.05817737802863121,False
H1:202,H1,False,hard_negative_no_conformance,tier2_approaching,157.0,1038.0,H1:157.0_1038.0,0.06257451325654984,False,0.05231435224413872,False
H1:203,H1,False,hard_negative_no_conformance,tier4_obvious,180.0,426.0,H1:180.0_426.0,0.015187173150479794,False,0.0175898727029562,False
H1:204,H1,False,hard_negative_no_conformance,tier2_approaching,194.0,1069.0,H1:194.0_1069.0,0.704425036907196,True,0.16549177467823029,False
H1:205,H1,False,hard_negative_no_conformance,tier2_approaching,153.0,469.0,H1:153.0_469.0,0.006079158745706081,False,0.007985380478203297,False
H1:206,H1,False,hard_negative_no_conformance,tier2_approaching,251.0,429.0,H1:251.0_429.0,0.015609769150614738,False,0.047320716083049774,False
H1:207,H1,False,hard_negative_no_conformance,tier1_subtle,194.0,1069.0,H1:194.0_1069.0,0.6404351592063904,True,0.20890985429286957,False
H1:208,H1,False,hard_negative_no_conformance,tier1_subtle,153.0,469.0,H1:153.0_469.0,0.005793645046651363,False,0.004489562939852476,False
H1:209,H1,False,hard_negative_no_conformance,tier2_approaching,180.0,426.0,H1:180.0_426.0,0.015187173150479794,False,0.011963003315031528,False
H1:210,H1,False,hard_negative_no_conformance,tier1_subtle,310.0,1152.0,H1:310.0_1152.0,0.010999291203916073,False,0.00916101410984993,False
H1:211,H1,False,hard_negative_no_conformance,tier1_subtle,157.0,1038.0,H1:157.0_1038.0,0.05585841089487076,False,0.04758055508136749,False
H1:212,H1,False,hard_negative_no_conformance,tier3_at_tuning,247.0,922.0,H1:247.0_922.0,0.20032194256782532,False,0.553820013999939,True
H1:213,H1,False,hard_negative_no_conformance,tier1_subtle,191.0,995.0,H1:191.0_995.0,0.26571089029312134,False,0.3615396022796631,False
H1:214,H1,False,hard_negative_no_conformance,tier2_approaching,157.0,1038.0,H1:157.0_1038.0,0.06153857707977295,False,0.04448138177394867,False
H1:215,H1,False,hard_negative_no_conformance,tier1_subtle,194.0,1069.0,H1:194.0_1069.0,0.6404351592063904,True,0.20890985429286957,False
H1:216,H1,False,hard_negative_syncline,tier1_subtle,213.0,929.0,H1:213.0_929.0,0.40681302547454834,False,0.3439464867115021,False
H1:217,H1,False,hard_negative_syncline,tier1_subtle,182.0,1036.0,H1:182.0_1036.0,0.0605013370513916,False,0.1009603962302208,False
H1:218,H1,False,hard_negative_syncline,tier1_subtle,182.0,1036.0,H1:182.0_1036.0,0.09468428790569305,False,0.10502573847770691,False
H1:219,H1,False,hard_negative_syncline,tier2_approaching,213.0,929.0,H1:213.0_929.0,0.26082170009613037,False,0.5308257937431335,True
H1:220,H1,False,hard_negative_syncline,tier3_at_tuning,213.0,929.0,H1:213.0_929.0,0.39589589834213257,False,0.5052744150161743,True
H1:221,H1,False,hard_negative_syncline,tier4_obvious,182.0,1036.0,H1:182.0_1036.0,0.15605303645133972,False,0.11335601657629013,False
H1:222,H1,False,hard_negative_syncline,tier2_approaching,213.0,929.0,H1:213.0_929.0,0.26082170009613037,False,0.4876757860183716,False
H1:223,H1,False,hard_negative_syncline,tier3_at_tuning,182.0,1036.0,H1:182.0_1036.0,0.13279661536216736,False,0.49676814675331116,False
H1:224,H1,False,hard_negative_syncline,tier1_subtle,213.0,929.0,H1:213.0_929.0,0.39372777938842773,False,0.3439464867115021,False
H1:225,H1,False,hard_negative_syncline,tier3_at_tuning,182.0,1036.0,H1:182.0_1036.0,0.181319460272789,False,0.4159696102142334,False
H1:226,H1,False,hard_negative_syncline,tier2_approaching,182.0,1036.0,H1:182.0_1036.0,0.09283581376075745,False,0.07830255478620529,False
H1:227,H1,False,hard_negative_syncline,tier3_at_tuning,213.0,929.0,H1:213.0_929.0,0.5369173288345337,True,0.5087922215461731,True
H1:228,H1,False,hard_negative_syncline,tier2_approaching,213.0,929.0,H1:213.0_929.0,0.3270132541656494,False,0.5307729840278625,True
H1:229,H1,False,hard_negative_single_reflector,tier1_subtle,153.0,469.0,H1:153.0_469.0,0.7915120124816895,True,0.6629179120063782,True
H1:230,H1,False,hard_negative_single_reflector,tier4_obvious,191.0,995.0,H1:191.0_995.0,0.9349945783615112,True,0.930624783039093,True
H1:231,H1,False,hard_negative_single_reflector,tier1_subtle,180.0,426.0,H1:180.0_426.0,0.6984697580337524,True,0.831430971622467,True
H1:232,H1,False,hard_negative_single_reflector,tier2_approaching,157.0,1038.0,H1:157.0_1038.0,0.7512401938438416,True,0.6771048307418823,True
H1:233,H1,False,hard_negative_single_reflector,tier4_obvious,194.0,1069.0,H1:194.0_1069.0,0.9219016432762146,True,0.723239541053772,True
H1:234,H1,False,hard_negative_single_reflector,tier3_at_tuning,247.0,922.0,H1:247.0_922.0,0.8418459892272949,True,0.743782103061676,True
H1:235,H1,False,hard_negative_single_reflector,tier4_obvious,251.0,429.0,H1:251.0_429.0,0.4370880722999573,False,0.4558977484703064,False
H1:236,H1,False,hard_negative_single_reflector,tier1_subtle,157.0,1038.0,H1:157.0_1038.0,0.7526305913925171,True,0.7046104669570923,True
H1:237,H1,False,hard_negative_single_reflector,tier2_approaching,251.0,429.0,H1:251.0_429.0,0.8579692244529724,True,0.876449465751648,True
H1:238,H1,False,hard_negative_single_reflector,tier3_at_tuning,247.0,922.0,H1:247.0_922.0,0.8365978002548218,True,0.7674648761749268,True
H1:239,H1,False,hard_negative_single_reflector,tier4_obvious,194.0,1069.0,H1:194.0_1069.0,0.9276529550552368,True,0.723239541053772,True
H1:240,H1,False,hard_negative_single_reflector,tier1_subtle,180.0,426.0,H1:180.0_426.0,0.7268714308738708,True,0.8492945432662964,True
H1:241,H1,False,hard_negative_single_reflector,tier1_subtle,153.0,469.0,H1:153.0_469.0,0.7785450220108032,True,0.712323009967804,True
H1:242,H1,False,hard_negative_single_reflector,tier1_subtle,191.0,995.0,H1:191.0_995.0,0.924317479133606,True,0.9328067302703857,True
H1:243,H1,False,hard_negative_single_reflector,tier3_at_tuning,157.0,1038.0,H1:157.0_1038.0,0.677130401134491,True,0.6800402402877808,True
H1:244,H1,False,hard_negative_single_reflector,tier3_at_tuning,191.0,995.0,H1:191.0_995.0,0.9349945783615112,True,0.9429504871368408,True
H1:245,H1,False,hard_negative_single_reflector,tier1_subtle,251.0,429.0,H1:251.0_429.0,0.8001103401184082,True,0.876449465751648,True
H1:246,H1,False,hard_negative_single_reflector,tier4_obvious,194.0,1069.0,H1:194.0_1069.0,0.9219016432762146,True,0.723239541053772,True
H1:247,H1,False,hard_negative_single_reflector,tier3_at_tuning,180.0,426.0,H1:180.0_426.0,0.7589433193206787,True,0.7829440832138062,True
H1:248,H1,False,hard_negative_single_reflector,tier3_at_tuning,153.0,469.0,H1:153.0_469.0,0.8755673170089722,True,0.6819326877593994,True
H1:249,H1,False,hard_negative_single_reflector,tier1_subtle,247.0,922.0,H1:247.0_922.0,0.8743939995765686,True,0.6962457895278931,True
H1:250,H1,False,hard_negative_single_reflector,tier1_subtle,191.0,995.0,H1:191.0_995.0,0.924317479133606,True,0.9354732036590576,True
H1:251,H1,False,hard_negative_single_reflector,tier3_at_tuning,247.0,922.0,H1:247.0_922.0,0.8170678019523621,True,0.7465403079986572,True
H1:252,H1,False,hard_negative_single_reflector,tier2_approaching,157.0,1038.0,H1:157.0_1038.0,0.7512401938438416,True,0.7347366213798523,True
H1:253,H1,False,hard_negative_single_reflector,tier3_at_tuning,180.0,426.0,H1:180.0_426.0,0.6199566721916199,True,0.7872483134269714,True
H1:254,H1,False,hard_negative_single_reflector,tier3_at_tuning,251.0,429.0,H1:251.0_429.0,0.869319498538971,True,0.843737781047821,True
H1:255,H1,False,hard_negative_single_reflector,tier2_approaching,153.0,469.0,H1:153.0_469.0,0.6971533894538879,True,0.7336448431015015,True
H1:256,H1,False,hard_negative_single_reflector,tier1_subtle,194.0,1069.0,H1:194.0_1069.0,0.9351598024368286,True,0.7834867835044861,True
H1:257,H1,False,hard_negative_single_reflector,tier4_obvious,251.0,429.0,H1:251.0_429.0,0.47829416394233704,False,0.4484153389930725,False
H1:258,H1,False,hard_negative_single_reflector,tier1_subtle,157.0,1038.0,H1:157.0_1038.0,0.7528435587882996,True,0.7684124112129211,True
H1:259,H1,False,hard_negative_single_reflector,tier3_at_tuning,153.0,469.0,H1:153.0_469.0,0.8185364603996277,True,0.6777470707893372,True
H1:260,H1,False,hard_negative_single_reflector,tier1_subtle,180.0,426.0,H1:180.0_426.0,0.7368072867393494,True,0.8113453388214111,True
H1:261,H1,False,hard_negative_single_reflector,tier2_approaching,247.0,922.0,H1:247.0_922.0,0.836601197719574,True,0.8230537176132202,True
H1:262,H1,False,hard_negative_single_reflector,tier2_approaching,194.0,1069.0,H1:194.0_1069.0,0.9368986487388611,True,0.7473223209381104,True
H1:263,H1,False,hard_negative_single_reflector,tier2_approaching,191.0,995.0,H1:191.0_995.0,0.9196790456771851,True,0.927850604057312,True
H1:264,H1,False,hard_negative_single_reflector,tier3_at_tuning,251.0,429.0,H1:251.0_429.0,0.8208062648773193,True,0.8048567175865173,True
H1:265,H1,False,hard_negative_single_reflector,tier3_at_tuning,191.0,995.0,H1:191.0_995.0,0.9327073693275452,True,0.9425501823425293,True
H1:266,H1,False,hard_negative_single_reflector,tier2_approaching,157.0,1038.0,H1:157.0_1038.0,0.7526305913925171,True,0.7559314966201782,True
H1:267,H1,False,hard_negative_single_reflector,tier2_approaching,194.0,1069.0,H1:194.0_1069.0,0.9395976066589355,True,0.7383741736412048,True
H1:268,H1,False,hard_negative_single_reflector,tier4_obvious,153.0,469.0,H1:153.0_469.0,0.8362596035003662,True,0.6433361768722534,True
H1:269,H1,False,hard_negative_single_reflector,tier4_obvious,247.0,922.0,H1:247.0_922.0,0.6860052347183228,True,0.5741862654685974,True
H1:270,H1,False,hard_negative_single_reflector,tier2_approaching,180.0,426.0,H1:180.0_426.0,0.5856236815452576,True,0.7583731412887573,True
H1:271,H1,False,hard_negative_single_reflector,tier3_at_tuning,153.0,469.0,H1:153.0_469.0,0.8373950123786926,True,0.6863701343536377,True
H1:272,H1,False,hard_negative_single_reflector,tier1_subtle,157.0,1038.0,H1:157.0_1038.0,0.7528435587882996,True,0.7684124112129211,True
H1:273,H1,False,hard_negative_tuning,tier3_at_tuning,247.0,922.0,H1:247.0_922.0,0.3471001088619232,False,0.4498198628425598,False
H1:274,H1,False,hard_negative_tuning,tier3_at_tuning,194.0,1069.0,H1:194.0_1069.0,0.7936866879463196,True,0.7178987264633179,True
H1:275,H1,False,hard_negative_tuning,tier3_at_tuning,153.0,469.0,H1:153.0_469.0,0.638512909412384,True,0.6090138554573059,True
H1:276,H1,False,hard_negative_tuning,tier3_at_tuning,180.0,426.0,H1:180.0_426.0,0.7619339823722839,True,0.8455004096031189,True
H1:277,H1,False,hard_negative_tuning,tier3_at_tuning,157.0,1038.0,H1:157.0_1038.0,0.7512194514274597,True,0.7330346703529358,True
H1:278,H1,False,hard_negative_tuning,tier3_at_tuning,191.0,995.0,H1:191.0_995.0,0.7511000037193298,True,0.8546311259269714,True
H1:279,H1,False,hard_negative_tuning,tier3_at_tuning,251.0,429.0,H1:251.0_429.0,0.5169978737831116,True,0.786881148815155,True
H1:280,H1,False,hard_negative_tuning,tier3_at_tuning,157.0,1038.0,H1:157.0_1038.0,0.5617561936378479,True,0.6711727380752563,True
H1:281,H1,False,hard_negative_tuning,tier3_at_tuning,247.0,922.0,H1:247.0_922.0,0.20180481672286987,False,0.266976922750473,False
H1:282,H1,False,hard_negative_tuning,tier3_at_tuning,194.0,1069.0,H1:194.0_1069.0,0.8183707594871521,True,0.7688268423080444,True
H1:283,H1,False,hard_negative_tuning,tier3_at_tuning,153.0,469.0,H1:153.0_469.0,0.6455655694007874,True,0.6258545517921448,True
H1:284,H1,False,hard_negative_tuning,tier3_at_tuning,180.0,426.0,H1:180.0_426.0,0.6922127604484558,True,0.8428916931152344,True
H1:285,H1,False,hard_negative_tuning,tier3_at_tuning,251.0,429.0,H1:251.0_429.0,0.45447131991386414,False,0.7571797370910645,True
H1:286,H1,False,hard_negative_tuning,tier3_at_tuning,191.0,995.0,H1:191.0_995.0,0.7836447358131409,True,0.8789842128753662,True
H1:287,H1,False,hard_negative_tuning,tier3_at_tuning,191.0,995.0,H1:191.0_995.0,0.7460887432098389,True,0.8433097004890442,True
H1:288,H1,False,hard_negative_tuning,tier3_at_tuning,157.0,1038.0,H1:157.0_1038.0,0.7437742352485657,True,0.7687224745750427,True
H1:289,H1,False,hard_negative_tuning,tier3_at_tuning,194.0,1069.0,H1:194.0_1069.0,0.5896175503730774,True,0.5824188590049744,True
H1:290,H1,False,hard_negative_tuning,tier3_at_tuning,247.0,922.0,H1:247.0_922.0,0.20180481672286987,False,0.26017314195632935,False
H1:291,H1,False,hard_negative_tuning,tier3_at_tuning,251.0,429.0,H1:251.0_429.0,0.45447131991386414,False,0.7571797370910645,True
H1:292,H1,False,hard_negative_tuning,tier3_at_tuning,153.0,469.0,H1:153.0_469.0,0.5305665135383606,True,0.5362275838851929,True
H1:293,H1,False,hard_negative_tuning,tier3_at_tuning,180.0,426.0,H1:180.0_426.0,0.7577461004257202,True,0.8428916931152344,True
H1:294,H1,False,hard_negative_tuning,tier3_at_tuning,247.0,922.0,H1:247.0_922.0,0.20055921375751495,False,0.26594963669776917,False
H1:295,H1,False,hard_negative_tuning,tier3_at_tuning,153.0,469.0,H1:153.0_469.0,0.6961656212806702,True,0.630157470703125,True
H1:296,H1,False,hard_negative_tuning,tier3_at_tuning,191.0,995.0,H1:191.0_995.0,0.7460941672325134,True,0.8546311259269714,True
H1:297,H1,False,hard_negative_tuning,tier3_at_tuning,251.0,429.0,H1:251.0_429.0,0.45447131991386414,False,0.7571797370910645,True
H1:298,H1,False,hard_negative_tuning,tier3_at_tuning,157.0,1038.0,H1:157.0_1038.0,0.6776277422904968,True,0.6406716108322144,True
H1:299,H1,False,hard_negative_tuning,tier3_at_tuning,194.0,1069.0,H1:194.0_1069.0,0.7326192855834961,True,0.7012500166893005,True
H1:300,H1,False,hard_negative_tuning,tier3_at_tuning,180.0,426.0,H1:180.0_426.0,0.7567355632781982,True,0.8427433371543884,True
H1:301,H1,False,hard_negative_tuning,tier3_at_tuning,251.0,429.0,H1:251.0_429.0,0.45447131991386414,False,0.7571797370910645,True
H1:302,H1,False,hard_negative_tuning,tier3_at_tuning,180.0,426.0,H1:180.0_426.0,0.6566939353942871,True,0.8455004096031189,True
H1:303,H1,False,hard_negative_tuning,tier3_at_tuning,153.0,469.0,H1:153.0_469.0,0.6384413242340088,True,0.5918475389480591,True
H1:304,H1,False,hard_negative_tuning,tier3_at_tuning,247.0,922.0,H1:247.0_922.0,0.21629908680915833,False,0.2784997820854187,False
H1:305,H1,False,hard_negative_tuning,tier3_at_tuning,157.0,1038.0,H1:157.0_1038.0,0.6659809947013855,True,0.7166975140571594,True
H1:306,H1,False,hard_negative_tuning,tier3_at_tuning,191.0,995.0,H1:191.0_995.0,0.7460941672325134,True,0.8716697692871094,True
H1:307,H1,False,hard_negative_tuning,tier3_at_tuning,194.0,1069.0,H1:194.0_1069.0,0.765949010848999,True,0.7012500166893005,True
H1:308,H1,False,hard_negative_tuning,tier3_at_tuning,194.0,1069.0,H1:194.0_1069.0,0.8183707594871521,True,0.7648084759712219,True
H1:309,H1,False,hard_negative_tuning,tier3_at_tuning,153.0,469.0,H1:153.0_469.0,0.638512909412384,True,0.6090138554573059,True
H1:310,H1,False,hard_negative_tuning,tier3_at_tuning,247.0,922.0,H1:247.0_922.0,0.334869921207428,False,0.4423283338546753,False
H1:311,H1,False,hard_negative_tuning,tier3_at_tuning,180.0,426.0,H1:180.0_426.0,0.4334946572780609,False,0.8428916931152344,True
H1:312,H1,False,hard_negative_tuning,tier3_at_tuning,157.0,1038.0,H1:157.0_1038.0,0.6659809947013855,True,0.7166975140571594,True
H1:313,H1,False,hard_negative_tuning,tier3_at_tuning,251.0,429.0,H1:251.0_429.0,0.5169978737831116,True,0.786881148815155,True
H1:314,H1,False,hard_negative_tuning,tier3_at_tuning,191.0,995.0,H1:191.0_995.0,0.7511000037193298,True,0.8552499413490295,True
H1:315,H1,False,hard_negative_tuning,tier3_at_tuning,153.0,469.0,H1:153.0_469.0,0.6559637188911438,True,0.630157470703125,True
H1:316,H1,False,hard_negative_tuning,tier3_at_tuning,251.0,429.0,H1:251.0_429.0,0.5169978737831116,True,0.7661230564117432,True
H1:317,H1,False,background,background,247.0,922.0,H1:247.0_922.0,0.8449661731719971,True,0.8641185760498047,True
H1:318,H1,False,background,background,191.0,995.0,H1:191.0_995.0,0.934138834476471,True,0.9616904854774475,True
H1:319,H1,False,background,background,194.0,1069.0,H1:194.0_1069.0,0.9346230030059814,True,0.8525347709655762,True
H1:320,H1,False,background,background,157.0,1038.0,H1:157.0_1038.0,0.7512194514274597,True,0.7615936994552612,True
H1:321,H1,False,background,background,180.0,426.0,H1:180.0_426.0,0.7305495738983154,True,0.8210644125938416,True
H1:322,H1,False,background,background,251.0,429.0,H1:251.0_429.0,0.7579538226127625,True,0.8820308446884155,True
H1:323,H1,False,background,background,153.0,469.0,H1:153.0_469.0,0.6771328449249268,True,0.7298059463500977,True
H1:324,H1,False,background,background,213.0,929.0,H1:213.0_929.0,0.5272687673568726,True,0.31860455870628357,False
H1:325,H1,False,background,background,182.0,1036.0,H1:182.0_1036.0,0.0605013370513916,False,0.1009603962302208,False
H1:326,H1,True,tier1_subtle,tier1_subtle,371.0,837.0,H1:371.0_837.0,0.8856425881385803,True,0.8916761875152588,True
H1:327,H1,True,tier1_subtle,tier1_subtle,385.0,868.0,H1:385.0_868.0,0.8476033210754395,True,0.8296353220939636,True
H1:328,H1,True,tier1_subtle,tier1_subtle,433.0,778.0,H1:433.0_778.0,0.9216835498809814,True,0.8516537547111511,True
H1:329,H1,True,tier1_subtle,tier1_subtle,403.0,786.0,H1:403.0_786.0,0.8429814577102661,True,0.8693680763244629,True
H1:330,H1,True,tier1_subtle,tier1_subtle,403.0,786.0,H1:403.0_786.0,0.8371996879577637,True,0.859368622303009,True
H1:331,H1,True,tier1_subtle,tier1_subtle,433.0,778.0,H1:433.0_778.0,0.9272319674491882,True,0.8437982201576233,True
H1:332,H1,True,tier1_subtle,tier1_subtle,385.0,868.0,H1:385.0_868.0,0.864197313785553,True,0.8618887662887573,True
H1:333,H1,True,tier1_subtle,tier1_subtle,371.0,837.0,H1:371.0_837.0,0.8676671981811523,True,0.8552678227424622,True
H1:334,H1,True,tier1_subtle,tier1_subtle,433.0,778.0,H1:433.0_778.0,0.9288818836212158,True,0.8452051877975464,True
H1:335,H1,True,tier1_subtle,tier1_subtle,371.0,837.0,H1:371.0_837.0,0.8982918858528137,True,0.8664149641990662,True
H1:336,H1,True,tier1_subtle,tier1_subtle,385.0,868.0,H1:385.0_868.0,0.8524039387702942,True,0.8220564126968384,True
H1:337,H1,True,tier1_subtle,tier1_subtle,403.0,786.0,H1:403.0_786.0,0.8489454388618469,True,0.8800029754638672,True
H1:338,H1,True,tier1_subtle,tier1_subtle,433.0,778.0,H1:433.0_778.0,0.9269093871116638,True,0.8438690900802612,True
H1:339,H1,True,tier1_subtle,tier1_subtle,403.0,786.0,H1:403.0_786.0,0.7252829670906067,True,0.7770199775695801,True
H1:340,H1,True,tier1_subtle,tier1_subtle,385.0,868.0,H1:385.0_868.0,0.8476033210754395,True,0.8358067870140076,True
H1:341,H1,True,tier1_subtle,tier1_subtle,371.0,837.0,H1:371.0_837.0,0.7496346235275269,True,0.7815670371055603,True
H1:342,H1,True,tier1_subtle,tier1_subtle,371.0,837.0,H1:371.0_837.0,0.8943184018135071,True,0.8959609270095825,True
H1:343,H1,True,tier1_subtle,tier1_subtle,385.0,868.0,H1:385.0_868.0,0.8597171902656555,True,0.849368155002594,True
H1:344,H1,True,tier1_subtle,tier1_subtle,433.0,778.0,H1:433.0_778.0,0.9191069006919861,True,0.8652673959732056,True
H1:345,H1,True,tier1_subtle,tier1_subtle,403.0,786.0,H1:403.0_786.0,0.8690757751464844,True,0.8925480246543884,True
H1:346,H1,True,tier1_subtle,tier1_subtle,403.0,786.0,H1:403.0_786.0,0.8568859100341797,True,0.8743003010749817,True
H1:347,H1,True,tier1_subtle,tier1_subtle,371.0,837.0,H1:371.0_837.0,0.851837158203125,True,0.8881474733352661,True
H1:348,H1,True,tier1_subtle,tier1_subtle,385.0,868.0,H1:385.0_868.0,0.8597171902656555,True,0.8501495122909546,True
H1:349,H1,True,tier1_subtle,tier1_subtle,433.0,778.0,H1:433.0_778.0,0.9302199482917786,True,0.8437982201576233,True
H1:350,H1,True,tier1_subtle,tier1_subtle,385.0,868.0,H1:385.0_868.0,0.8481396436691284,True,0.8511714339256287,True
H1:351,H1,True,tier1_subtle,tier1_subtle,371.0,837.0,H1:371.0_837.0,0.7436264753341675,True,0.7436524033546448,True
H1:352,H1,True,tier1_subtle,tier1_subtle,403.0,786.0,H1:403.0_786.0,0.8055934906005859,True,0.8571803569793701,True
H1:353,H1,True,tier1_subtle,tier1_subtle,433.0,778.0,H1:433.0_778.0,0.9156978130340576,True,0.8387710452079773,True
H1:354,H1,True,tier2_approaching,tier2_approaching,403.0,786.0,H1:403.0_786.0,0.7310184836387634,True,0.793708324432373,True
H1:355,H1,True,tier2_approaching,tier2_approaching,371.0,837.0,H1:371.0_837.0,0.8411373496055603,True,0.8130387663841248,True
H1:356,H1,True,tier2_approaching,tier2_approaching,433.0,778.0,H1:433.0_778.0,0.8562772274017334,True,0.6899552345275879,True
H1:357,H1,True,tier2_approaching,tier2_approaching,385.0,868.0,H1:385.0_868.0,0.8437830209732056,True,0.898459792137146,True
H1:358,H1,True,tier2_approaching,tier2_approaching,433.0,778.0,H1:433.0_778.0,0.8530764579772949,True,0.7023760676383972,True
H1:359,H1,True,tier2_approaching,tier2_approaching,385.0,868.0,H1:385.0_868.0,0.8524039387702942,True,0.861215353012085,True
H1:360,H1,True,tier2_approaching,tier2_approaching,403.0,786.0,H1:403.0_786.0,0.8061444163322449,True,0.8599902391433716,True
H1:361,H1,True,tier2_approaching,tier2_approaching,371.0,837.0,H1:371.0_837.0,0.779813826084137,True,0.8328026533126831,True
H1:362,H1,True,tier2_approaching,tier2_approaching,433.0,778.0,H1:433.0_778.0,0.8562772274017334,True,0.7023760676383972,True
H1:363,H1,True,tier2_approaching,tier2_approaching,385.0,868.0,H1:385.0_868.0,0.8561489582061768,True,0.870708703994751,True
H1:364,H1,True,tier2_approaching,tier2_approaching,403.0,786.0,H1:403.0_786.0,0.8061444163322449,True,0.8649964928627014,True
H1:365,H1,True,tier2_approaching,tier2_approaching,371.0,837.0,H1:371.0_837.0,0.8871552348136902,True,0.8731182217597961,True
H1:366,H1,True,tier2_approaching,tier2_approaching,385.0,868.0,H1:385.0_868.0,0.8561489582061768,True,0.870708703994751,True
H1:367,H1,True,tier2_approaching,tier2_approaching,433.0,778.0,H1:433.0_778.0,0.8772400617599487,True,0.6995473504066467,True
H1:368,H1,True,tier2_approaching,tier2_approaching,403.0,786.0,H1:403.0_786.0,0.7395458817481995,True,0.7866976261138916,True
H1:369,H1,True,tier2_approaching,tier2_approaching,371.0,837.0,H1:371.0_837.0,0.8256834149360657,True,0.7810235619544983,True
H1:370,H1,True,tier2_approaching,tier2_approaching,433.0,778.0,H1:433.0_778.0,0.8772400617599487,True,0.7023760676383972,True
H1:371,H1,True,tier2_approaching,tier2_approaching,371.0,837.0,H1:371.0_837.0,0.8054174780845642,True,0.840282142162323,True
H1:372,H1,True,tier2_approaching,tier2_approaching,403.0,786.0,H1:403.0_786.0,0.8061444163322449,True,0.8599902391433716,True
H1:373,H1,True,tier2_approaching,tier2_approaching,385.0,868.0,H1:385.0_868.0,0.864197313785553,True,0.861215353012085,True
H1:374,H1,True,tier2_approaching,tier2_approaching,403.0,786.0,H1:403.0_786.0,0.8061444163322449,True,0.8599902391433716,True
H1:375,H1,True,tier2_approaching,tier2_approaching,371.0,837.0,H1:371.0_837.0,0.8411373496055603,True,0.8130387663841248,True
H1:376,H1,True,tier2_approaching,tier2_approaching,385.0,868.0,H1:385.0_868.0,0.8369293212890625,True,0.8429884314537048,True
H1:377,H1,True,tier2_approaching,tier2_approaching,433.0,778.0,H1:433.0_778.0,0.8562772274017334,True,0.7023760676383972,True
H1:378,H1,True,tier2_approaching,tier2_approaching,433.0,778.0,H1:433.0_778.0,0.8827218413352966,True,0.7023760676383972,True
H1:379,H1,True,tier2_approaching,tier2_approaching,385.0,868.0,H1:385.0_868.0,0.828516960144043,True,0.8942327499389648,True
H1:380,H1,True,tier2_approaching,tier2_approaching,371.0,837.0,H1:371.0_837.0,0.8030996322631836,True,0.7890609502792358,True
H1:381,H1,True,tier2_approaching,tier2_approaching,403.0,786.0,H1:403.0_786.0,0.5788446664810181,True,0.662142276763916,True
H1:382,H1,True,tier2_approaching,tier2_approaching,371.0,837.0,H1:371.0_837.0,0.8411373496055603,True,0.8130387663841248,True
H1:383,H1,True,tier3_at_tuning,tier3_at_tuning,385.0,868.0,H1:385.0_868.0,0.8766005635261536,True,0.9253045320510864,True
H1:384,H1,True,tier3_at_tuning,tier3_at_tuning,371.0,837.0,H1:371.0_837.0,0.8639370203018188,True,0.9001988172531128,True
H1:385,H1,True,tier3_at_tuning,tier3_at_tuning,403.0,786.0,H1:403.0_786.0,0.8586991429328918,True,0.8963928818702698,True
H1:386,H1,True,tier3_at_tuning,tier3_at_tuning,433.0,778.0,H1:433.0_778.0,0.6546585559844971,True,0.6827866435050964,True
H1:387,H1,True,tier3_at_tuning,tier3_at_tuning,371.0,837.0,H1:371.0_837.0,0.8369511961936951,True,0.8055124878883362,True
H1:388,H1,True,tier3_at_tuning,tier3_at_tuning,433.0,778.0,H1:433.0_778.0,0.7862937450408936,True,0.7654510140419006,True
H1:389,H1,True,tier3_at_tuning,tier3_at_tuning,385.0,868.0,H1:385.0_868.0,0.7406814098358154,True,0.865395188331604,True
H1:390,H1,True,tier3_at_tuning,tier3_at_tuning,403.0,786.0,H1:403.0_786.0,0.8763747215270996,True,0.908328115940094,True
H1:391,H1,True,tier3_at_tuning,tier3_at_tuning,371.0,837.0,H1:371.0_837.0,0.8137989640235901,True,0.7911280989646912,True
H1:392,H1,True,tier3_at_tuning,tier3_at_tuning,385.0,868.0,H1:385.0_868.0,0.7979871034622192,True,0.8987611532211304,True
H1:393,H1,True,tier3_at_tuning,tier3_at_tuning,433.0,778.0,H1:433.0_778.0,0.874212384223938,True,0.7504507899284363,True
H1:394,H1,True,tier3_at_tuning,tier3_at_tuning,403.0,786.0,H1:403.0_786.0,0.7263329029083252,True,0.8410719037055969,True
H1:395,H1,True,tier3_at_tuning,tier3_at_tuning,403.0,786.0,H1:403.0_786.0,0.7263329029083252,True,0.8392674326896667,True
H1:396,H1,True,tier3_at_tuning,tier3_at_tuning,433.0,778.0,H1:433.0_778.0,0.8052185773849487,True,0.7505654692649841,True
H1:397,H1,True,tier3_at_tuning,tier3_at_tuning,385.0,868.0,H1:385.0_868.0,0.7979871034622192,True,0.9188109636306763,True
H1:398,H1,True,tier3_at_tuning,tier3_at_tuning,371.0,837.0,H1:371.0_837.0,0.8414604663848877,True,0.760644793510437,True
H1:399,H1,True,tier3_at_tuning,tier3_at_tuning,371.0,837.0,H1:371.0_837.0,0.8340089321136475,True,0.8100939393043518,True
H1:400,H1,True,tier3_at_tuning,tier3_at_tuning,433.0,778.0,H1:433.0_778.0,0.6813294887542725,True,0.7402878999710083,True
H1:401,H1,True,tier3_at_tuning,tier3_at_tuning,385.0,868.0,H1:385.0_868.0,0.8561489582061768,True,0.91690993309021,True
H1:402,H1,True,tier3_at_tuning,tier3_at_tuning,403.0,786.0,H1:403.0_786.0,0.8586991429328918,True,0.8929302096366882,True
H1:403,H1,True,tier3_at_tuning,tier3_at_tuning,385.0,868.0,H1:385.0_868.0,0.8522434234619141,True,0.9173269271850586,True
H1:404,H1,True,tier3_at_tuning,tier3_at_tuning,403.0,786.0,H1:403.0_786.0,0.7172160148620605,True,0.7660958170890808,True
H1:405,H1,True,tier3_at_tuning,tier3_at_tuning,371.0,837.0,H1:371.0_837.0,0.7407136559486389,True,0.7975186109542847,True
H1:406,H1,True,tier3_at_tuning,tier3_at_tuning,433.0,778.0,H1:433.0_778.0,0.728541374206543,True,0.7774596810340881,True
H1:407,H1,True,tier3_at_tuning,tier3_at_tuning,403.0,786.0,H1:403.0_786.0,0.8087402582168579,True,0.832667887210846,True
H1:408,H1,True,tier3_at_tuning,tier3_at_tuning,371.0,837.0,H1:371.0_837.0,0.8558923602104187,True,0.8563575744628906,True
H1:409,H1,True,tier3_at_tuning,tier3_at_tuning,385.0,868.0,H1:385.0_868.0,0.8791447877883911,True,0.9231531023979187,True
H1:410,H1,True,tier3_at_tuning,tier3_at_tuning,433.0,778.0,H1:433.0_778.0,0.7575704455375671,True,0.8531021475791931,True
H1:411,H1,True,tier4_obvious,tier4_obvious,385.0,868.0,H1:385.0_868.0,0.8766005635261536,True,0.9227420091629028,True
H1:412,H1,True,tier4_obvious,tier4_obvious,403.0,786.0,H1:403.0_786.0,0.551522433757782,True,0.7998771667480469,True
H1:413,H1,True,tier4_obvious,tier4_obvious,371.0,837.0,H1:371.0_837.0,0.8118634223937988,True,0.8080336451530457,True
H1:414,H1,True,tier4_obvious,tier4_obvious,433.0,778.0,H1:433.0_778.0,0.8321689963340759,True,0.6445519924163818,True
H1:415,H1,True,tier4_obvious,tier4_obvious,371.0,837.0,H1:371.0_837.0,0.9221158027648926,True,0.9046589732170105,True
H1:416,H1,True,tier4_obvious,tier4_obvious,433.0,778.0,H1:433.0_778.0,0.8772400617599487,True,0.7375953793525696,True
H1:417,H1,True,tier4_obvious,tier4_obvious,385.0,868.0,H1:385.0_868.0,0.8766005635261536,True,0.870708703994751,True
H1:418,H1,True,tier4_obvious,tier4_obvious,403.0,786.0,H1:403.0_786.0,0.7181775569915771,True,0.9134768843650818,True
H1:419,H1,True,tier4_obvious,tier4_obvious,433.0,778.0,H1:433.0_778.0,0.6813294887542725,True,0.7077862620353699,True
H1:420,H1,True,tier4_obvious,tier4_obvious,403.0,786.0,H1:403.0_786.0,0.802413821220398,True,0.853559672832489,True
H1:421,H1,True,tier4_obvious,tier4_obvious,371.0,837.0,H1:371.0_837.0,0.894955039024353,True,0.8750691413879395,True
H1:422,H1,True,tier4_obvious,tier4_obvious,385.0,868.0,H1:385.0_868.0,0.8167542219161987,True,0.822874903678894,True
H1:423,H1,True,tier4_obvious,tier4_obvious,385.0,868.0,H1:385.0_868.0,0.8766005635261536,True,0.898459792137146,True
H1:424,H1,True,tier4_obvious,tier4_obvious,371.0,837.0,H1:371.0_837.0,0.8676085472106934,True,0.8760069012641907,True
H1:425,H1,True,tier4_obvious,tier4_obvious,403.0,786.0,H1:403.0_786.0,0.855889081954956,True,0.9155538082122803,True
H1:426,H1,True,tier4_obvious,tier4_obvious,433.0,778.0,H1:433.0_778.0,0.8504436612129211,True,0.7513490915298462,True
H1:427,H1,True,tier4_obvious,tier4_obvious,371.0,837.0,H1:371.0_837.0,0.8762568831443787,True,0.8234351277351379,True
H1:428,H1,True,tier4_obvious,tier4_obvious,403.0,786.0,H1:403.0_786.0,0.8708109259605408,True,0.9191153645515442,True
H1:429,H1,True,tier4_obvious,tier4_obvious,385.0,868.0,H1:385.0_868.0,0.7244659066200256,True,0.728850245475769,True
H1:430,H1,True,tier4_obvious,tier4_obvious,433.0,778.0,H1:433.0_778.0,0.8882823586463928,True,0.7769646644592285,True
H1:431,H1,True,tier4_obvious,tier4_obvious,371.0,837.0,H1:371.0_837.0,0.8929256796836853,True,0.8804820775985718,True
H1:432,H1,True,tier4_obvious,tier4_obvious,403.0,786.0,H1:403.0_786.0,0.8499446511268616,True,0.9077538847923279,True
H1:433,H1,True,tier4_obvious,tier4_obvious,433.0,778.0,H1:433.0_778.0,0.8987444043159485,True,0.7854465842247009,True
H1:434,H1,True,tier4_obvious,tier4_obvious,385.0,868.0,H1:385.0_868.0,0.8278028964996338,True,0.8242741823196411,True
H1:435,H1,True,tier4_obvious,tier4_obvious,433.0,778.0,H1:433.0_778.0,0.732782244682312,True,0.7554048299789429,True
H1:436,H1,True,tier4_obvious,tier4_obvious,403.0,786.0,H1:403.0_786.0,0.7680087685585022,True,0.8519699573516846,True
H1:437,H1,True,tier4_obvious,tier4_obvious,371.0,837.0,H1:371.0_837.0,0.9038413763046265,True,0.9046589732170105,True
H1:438,H1,True,tier4_obvious,tier4_obvious,385.0,868.0,H1:385.0_868.0,0.8766005635261536,True,0.870708703994751,True
H1:439,H1,False,hard_negative_no_conformance,tier1_subtle,420.0,1066.0,H1:420.0_1066.0,0.008874982595443726,False,0.012566895224153996,False
H1:440,H1,False,hard_negative_no_conformance,tier1_subtle,522.0,995.0,H1:522.0_995.0,0.00838102400302887,False,0.02689734287559986,False
H1:441,H1,False,hard_negative_no_conformance,tier1_subtle,403.0,786.0,H1:403.0_786.0,0.0013048980617895722,False,0.0016794531838968396,False
H1:442,H1,False,hard_negative_no_conformance,tier1_subtle,371.0,837.0,H1:371.0_837.0,0.7410327792167664,True,0.4159679710865021,False
H1:443,H1,False,hard_negative_no_conformance,tier2_approaching,433.0,778.0,H1:433.0_778.0,0.24801264703273773,False,0.12050819396972656,False
H1:444,H1,False,hard_negative_no_conformance,tier3_at_tuning,385.0,868.0,H1:385.0_868.0,0.27541160583496094,False,0.14708273112773895,False
H1:445,H1,False,hard_negative_no_conformance,tier4_obvious,433.0,778.0,H1:433.0_778.0,0.1682775914669037,False,0.0853877067565918,False
H1:446,H1,False,hard_negative_no_conformance,tier3_at_tuning,371.0,837.0,H1:371.0_837.0,0.6394340991973877,True,0.3122096657752991,False
H1:447,H1,False,hard_negative_no_conformance,tier3_at_tuning,522.0,995.0,H1:522.0_995.0,0.030122069641947746,False,0.2409134954214096,False
H1:448,H1,False,hard_negative_no_conformance,tier4_obvious,403.0,786.0,H1:403.0_786.0,0.002628890797495842,False,0.006134198047220707,False
H1:449,H1,False,hard_negative_no_conformance,tier1_subtle,385.0,868.0,H1:385.0_868.0,0.25108519196510315,False,0.062448497861623764,False
H1:450,H1,False,hard_negative_no_conformance,tier1_subtle,420.0,1066.0,H1:420.0_1066.0,0.009936371818184853,False,0.013845985755324364,False
H1:451,H1,False,hard_negative_no_conformance,tier3_at_tuning,420.0,1066.0,H1:420.0_1066.0,0.005097764544188976,False,0.02554120123386383,False
H1:452,H1,False,hard_negative_no_conformance,tier2_approaching,403.0,786.0,H1:403.0_786.0,0.0024034040980041027,False,0.005904960911720991,False
H1:453,H1,False,hard_negative_no_conformance,tier4_obvious,371.0,837.0,H1:371.0_837.0,0.8668494820594788,True,0.5157818794250488,True
H1:454,H1,False,hard_negative_no_conformance,tier1_subtle,522.0,995.0,H1:522.0_995.0,0.009404954500496387,False,0.028280451893806458,False
H1:455,H1,False,hard_negative_no_conformance,tier2_approaching,433.0,778.0,H1:433.0_778.0,0.24801264703273773,False,0.12538516521453857,False
H1:456,H1,False,hard_negative_no_conformance,tier2_approaching,385.0,868.0,H1:385.0_868.0,0.27541160583496094,False,0.11484216153621674,False
H1:457,H1,False,hard_negative_no_conformance,tier4_obvious,371.0,837.0,H1:371.0_837.0,0.7713014483451843,True,0.36679449677467346,False
H1:458,H1,False,hard_negative_no_conformance,tier1_subtle,433.0,778.0,H1:433.0_778.0,0.08816173672676086,False,0.08562266826629639,False
H1:459,H1,False,hard_negative_no_conformance,tier3_at_tuning,420.0,1066.0,H1:420.0_1066.0,0.005251146387308836,False,0.02554120123386383,False
H1:460,H1,False,hard_negative_no_conformance,tier1_subtle,522.0,995.0,H1:522.0_995.0,0.00838102400302887,False,0.02689734287559986,False
H1:461,H1,False,hard_negative_no_conformance,tier4_obvious,403.0,786.0,H1:403.0_786.0,0.002475169487297535,False,0.006398604717105627,False
H1:462,H1,False,hard_negative_no_conformance,tier4_obvious,385.0,868.0,H1:385.0_868.0,0.27964431047439575,False,0.09512976557016373,False
H1:463,H1,False,hard_negative_no_conformance,tier4_obvious,433.0,778.0,H1:433.0_778.0,0.16108444333076477,False,0.08337017893791199,False
H1:464,H1,False,hard_negative_no_conformance,tier2_approaching,522.0,995.0,H1:522.0_995.0,0.01851985789835453,False,0.1367577165365219,False
H1:465,H1,False,hard_negative_no_conformance,tier4_obvious,371.0,837.0,H1:371.0_837.0,0.7774079442024231,True,0.30258744955062866,False
H1:466,H1,False,hard_negative_no_conformance,tier2_approaching,385.0,868.0,H1:385.0_868.0,0.33369559049606323,False,0.11484216153621674,False
H1:467,H1,False,hard_negative_no_conformance,tier4_obvious,403.0,786.0,H1:403.0_786.0,0.0026887129060924053,False,0.00610060291364789,False
H1:468,H1,False,hard_negative_no_conformance,tier4_obvious,420.0,1066.0,H1:420.0_1066.0,0.01136696431785822,False,0.021268688142299652,False
H1:469,H1,False,hard_negative_no_conformance,tier1_subtle,371.0,837.0,H1:371.0_837.0,0.7341756224632263,True,0.40075990557670593,False
H1:470,H1,False,hard_negative_no_conformance,tier2_approaching,385.0,868.0,H1:385.0_868.0,0.27541160583496094,False,0.11484216153621674,False
H1:471,H1,False,hard_negative_no_conformance,tier1_subtle,522.0,995.0,H1:522.0_995.0,0.00838102400302887,False,0.02689734287559986,False
H1:472,H1,False,hard_negative_no_conformance,tier3_at_tuning,403.0,786.0,H1:403.0_786.0,0.0032353373244404793,False,0.006726884748786688,False
H1:473,H1,False,hard_negative_no_conformance,tier4_obvious,433.0,778.0,H1:433.0_778.0,0.16116569936275482,False,0.0853877067565918,False
H1:474,H1,False,hard_negative_no_conformance,tier2_approaching,420.0,1066.0,H1:420.0_1066.0,0.0055631729774177074,False,0.017208600416779518,False
H1:475,H1,False,hard_negative_no_conformance,tier4_obvious,371.0,837.0,H1:371.0_837.0,0.8524757027626038,True,0.4569704234600067,False
H1:476,H1,False,hard_negative_no_conformance,tier2_approaching,385.0,868.0,H1:385.0_868.0,0.27541160583496094,False,0.07965479791164398,False
H1:477,H1,False,hard_negative_no_conformance,tier3_at_tuning,403.0,786.0,H1:403.0_786.0,0.005512328818440437,False,0.007461441680788994,False
H1:478,H1,False,hard_negative_no_conformance,tier4_obvious,522.0,995.0,H1:522.0_995.0,0.024985553696751595,False,0.2075054794549942,False
H1:479,H1,False,hard_negative_no_conformance,tier1_subtle,420.0,1066.0,H1:420.0_1066.0,0.008874982595443726,False,0.013395924121141434,False
H1:480,H1,False,hard_negative_no_conformance,tier4_obvious,433.0,778.0,H1:433.0_778.0,0.1682775914669037,False,0.09442169219255447,False
H1:481,H1,False,hard_negative_no_conformance,tier4_obvious,371.0,837.0,H1:371.0_837.0,0.7667093873023987,True,0.4052317142486572,False
H1:482,H1,False,hard_negative_syncline,tier4_obvious,401.0,823.0,H1:401.0_823.0,0.28280553221702576,False,0.16199754178524017,False
H1:483,H1,False,hard_negative_syncline,tier2_approaching,401.0,823.0,H1:401.0_823.0,0.08877772092819214,False,0.20263873040676117,False
H1:484,H1,False,hard_negative_syncline,tier4_obvious,401.0,823.0,H1:401.0_823.0,0.2667696475982666,False,0.1580037772655487,False
H1:485,H1,False,hard_negative_syncline,tier2_approaching,401.0,823.0,H1:401.0_823.0,0.09719149768352509,False,0.2787902057170868,False
H1:486,H1,False,hard_negative_single_reflector,tier2_approaching,385.0,868.0,H1:385.0_868.0,0.864197313785553,True,0.8236560821533203,True
H1:487,H1,False,hard_negative_single_reflector,tier4_obvious,433.0,778.0,H1:433.0_778.0,0.922583818435669,True,0.8339837193489075,True
H1:488,H1,False,hard_negative_single_reflector,tier1_subtle,403.0,786.0,H1:403.0_786.0,0.7693585753440857,True,0.8444594740867615,True
H1:489,H1,False,hard_negative_single_reflector,tier2_approaching,371.0,837.0,H1:371.0_837.0,0.9080823063850403,True,0.8374780416488647,True
H1:490,H1,False,hard_negative_single_reflector,tier2_approaching,371.0,837.0,H1:371.0_837.0,0.8795583248138428,True,0.8331934213638306,True
H1:491,H1,False,hard_negative_single_reflector,tier3_at_tuning,403.0,786.0,H1:403.0_786.0,0.8061444163322449,True,0.8492674827575684,True
H1:492,H1,False,hard_negative_single_reflector,tier2_approaching,433.0,778.0,H1:433.0_778.0,0.9373562335968018,True,0.8179777264595032,True
H1:493,H1,False,hard_negative_single_reflector,tier2_approaching,385.0,868.0,H1:385.0_868.0,0.8358287215232849,True,0.8192757964134216,True
H1:494,H1,False,hard_negative_single_reflector,tier3_at_tuning,403.0,786.0,H1:403.0_786.0,0.8061444163322449,True,0.8530592322349548,True
H1:495,H1,False,hard_negative_single_reflector,tier3_at_tuning,433.0,778.0,H1:433.0_778.0,0.9137821793556213,True,0.8269617557525635,True
H1:496,H1,False,hard_negative_single_reflector,tier1_subtle,371.0,837.0,H1:371.0_837.0,0.8833073973655701,True,0.8436316847801208,True
H1:497,H1,False,hard_negative_single_reflector,tier1_subtle,385.0,868.0,H1:385.0_868.0,0.864197313785553,True,0.8212535977363586,True
H1:498,H1,False,hard_negative_single_reflector,tier4_obvious,403.0,786.0,H1:403.0_786.0,0.7310184836387634,True,0.8047348856925964,True
H1:499,H1,False,hard_negative_single_reflector,tier1_subtle,385.0,868.0,H1:385.0_868.0,0.8358287215232849,True,0.8121483325958252,True
H1:500,H1,False,hard_negative_single_reflector,tier1_subtle,433.0,778.0,H1:433.0_778.0,0.8841076493263245,True,0.7922531962394714,True
H1:501,H1,False,hard_negative_single_reflector,tier1_subtle,371.0,837.0,H1:371.0_837.0,0.878733217716217,True,0.8772227764129639,True
H1:502,H1,False,hard_negative_single_reflector,tier2_approaching,433.0,778.0,H1:433.0_778.0,0.922583818435669,True,0.8606194853782654,True
H1:503,H1,False,hard_negative_single_reflector,tier2_approaching,403.0,786.0,H1:403.0_786.0,0.7310184836387634,True,0.8343214988708496,True
H1:504,H1,False,hard_negative_single_reflector,tier1_subtle,371.0,837.0,H1:371.0_837.0,0.8808907270431519,True,0.8475972414016724,True
H1:505,H1,False,hard_negative_single_reflector,tier1_subtle,385.0,868.0,H1:385.0_868.0,0.864197313785553,True,0.8166627883911133,True
H1:506,H1,False,hard_negative_single_reflector,tier1_subtle,403.0,786.0,H1:403.0_786.0,0.8128349781036377,True,0.8779730796813965,True
H1:507,H1,False,hard_negative_single_reflector,tier1_subtle,433.0,778.0,H1:433.0_778.0,0.9170256853103638,True,0.8606075048446655,True
H1:508,H1,False,hard_negative_single_reflector,tier3_at_tuning,385.0,868.0,H1:385.0_868.0,0.8469820022583008,True,0.8415038585662842,True
H1:509,H1,False,hard_negative_single_reflector,tier3_at_tuning,371.0,837.0,H1:371.0_837.0,0.8475668430328369,True,0.7736936211585999,True
H1:510,H1,False,hard_negative_single_reflector,tier2_approaching,403.0,786.0,H1:403.0_786.0,0.8075733184814453,True,0.8795221447944641,True
H1:511,H1,False,hard_negative_single_reflector,tier2_approaching,385.0,868.0,H1:385.0_868.0,0.864197313785553,True,0.8380266427993774,True
H1:512,H1,False,hard_negative_single_reflector,tier1_subtle,371.0,837.0,H1:371.0_837.0,0.8502127528190613,True,0.8774417638778687,True
H1:513,H1,False,hard_negative_single_reflector,tier2_approaching,433.0,778.0,H1:433.0_778.0,0.9200228452682495,True,0.8025650978088379,True
H1:514,H1,False,hard_negative_tuning,tier3_at_tuning,433.0,778.0,H1:433.0_778.0,0.29808205366134644,False,0.17496514320373535,False
H1:515,H1,False,hard_negative_tuning,tier3_at_tuning,403.0,786.0,H1:403.0_786.0,0.22664012014865875,False,0.1197219118475914,False
H1:516,H1,False,hard_negative_tuning,tier3_at_tuning,371.0,837.0,H1:371.0_837.0,0.34065595269203186,False,0.43978700041770935,False
H1:517,H1,False,hard_negative_tuning,tier3_at_tuning,385.0,868.0,H1:385.0_868.0,0.7997516393661499,True,0.8715341687202454,True
H1:518,H1,False,hard_negative_tuning,tier3_at_tuning,403.0,786.0,H1:403.0_786.0,0.15896084904670715,False,0.12208794802427292,False
H1:519,H1,False,hard_negative_tuning,tier3_at_tuning,385.0,868.0,H1:385.0_868.0,0.7732139825820923,True,0.8350439667701721,True
H1:520,H1,False,hard_negative_tuning,tier3_at_tuning,371.0,837.0,H1:371.0_837.0,0.4369158148765564,False,0.5408057570457458,True
H1:521,H1,False,hard_negative_tuning,tier3_at_tuning,433.0,778.0,H1:433.0_778.0,0.32717910408973694,False,0.17496514320373535,False
H1:522,H1,False,hard_negative_tuning,tier3_at_tuning,403.0,786.0,H1:403.0_786.0,0.21616239845752716,False,0.1542557179927826,False
H1:523,H1,False,hard_negative_tuning,tier3_at_tuning,385.0,868.0,H1:385.0_868.0,0.7732139825820923,True,0.8624475598335266,True
H1:524,H1,False,hard_negative_tuning,tier3_at_tuning,371.0,837.0,H1:371.0_837.0,0.29335060715675354,False,0.3784028887748718,False
H1:525,H1,False,hard_negative_tuning,tier3_at_tuning,433.0,778.0,H1:433.0_778.0,0.3231552839279175,False,0.17496514320373535,False
H1:526,H1,False,hard_negative_tuning,tier3_at_tuning,385.0,868.0,H1:385.0_868.0,0.8099422454833984,True,0.8564246296882629,True
H1:527,H1,False,hard_negative_tuning,tier3_at_tuning,403.0,786.0,H1:403.0_786.0,0.15160492062568665,False,0.09608999639749527,False
H1:528,H1,False,hard_negative_tuning,tier3_at_tuning,433.0,778.0,H1:433.0_778.0,0.42471298575401306,False,0.3055047392845154,False
H1:529,H1,False,hard_negative_tuning,tier3_at_tuning,371.0,837.0,H1:371.0_837.0,0.34065595269203186,False,0.45162346959114075,False
H1:530,H1,False,hard_negative_tuning,tier3_at_tuning,385.0,868.0,H1:385.0_868.0,0.7997516393661499,True,0.8715341687202454,True
H1:531,H1,False,hard_negative_tuning,tier3_at_tuning,371.0,837.0,H1:371.0_837.0,0.29335060715675354,False,0.34336182475090027,False
H1:532,H1,False,hard_negative_tuning,tier3_at_tuning,433.0,778.0,H1:433.0_778.0,0.3795933127403259,False,0.22994281351566315,False
H1:533,H1,False,hard_negative_tuning,tier3_at_tuning,403.0,786.0,H1:403.0_786.0,0.2695944905281067,False,0.19095470011234283,False
H1:534,H1,False,hard_negative_tuning,tier3_at_tuning,433.0,778.0,H1:433.0_778.0,0.29808205366134644,False,0.1609887331724167,False
H1:535,H1,False,hard_negative_tuning,tier3_at_tuning,385.0,868.0,H1:385.0_868.0,0.8099422454833984,True,0.8528684973716736,True
H1:536,H1,False,hard_negative_tuning,tier3_at_tuning,403.0,786.0,H1:403.0_786.0,0.23935019969940186,False,0.21708089113235474,False
H1:537,H1,False,hard_negative_tuning,tier3_at_tuning,371.0,837.0,H1:371.0_837.0,0.34065595269203186,False,0.45162346959114075,False
H1:538,H1,False,hard_negative_tuning,tier3_at_tuning,403.0,786.0,H1:403.0_786.0,0.21616239845752716,False,0.16777732968330383,False
H1:539,H1,False,hard_negative_tuning,tier3_at_tuning,385.0,868.0,H1:385.0_868.0,0.7997516393661499,True,0.8480195999145508,True
H1:540,H1,False,hard_negative_tuning,tier3_at_tuning,371.0,837.0,H1:371.0_837.0,0.43382135033607483,False,0.4636702537536621,False
H1:541,H1,False,hard_negative_tuning,tier3_at_tuning,433.0,778.0,H1:433.0_778.0,0.37148234248161316,False,0.22994281351566315,False
H1:542,H1,False,hard_negative_tuning,tier3_at_tuning,371.0,837.0,H1:371.0_837.0,0.34065595269203186,False,0.45162346959114075,False
H1:543,H1,False,background,background,433.0,778.0,H1:433.0_778.0,0.930568516254425,True,0.9106362462043762,True
H1:544,H1,False,background,background,403.0,786.0,H1:403.0_786.0,0.8126708269119263,True,0.8599172234535217,True
H1:545,H1,False,background,background,371.0,837.0,H1:371.0_837.0,0.8157272934913635,True,0.8478600978851318,True
H1:546,H1,False,background,background,385.0,868.0,H1:385.0_868.0,0.8424626588821411,True,0.8610427975654602,True
H1:547,H1,False,background,background,401.0,823.0,H1:401.0_823.0,0.1936870962381363,False,0.15033157169818878,False
H1:548,H1,False,background,background,420.0,1066.0,H1:420.0_1066.0,0.0071767899207770824,False,0.012333695776760578,False
H1:549,H1,False,background,background,522.0,995.0,H1:522.0_995.0,0.007835185155272484,False,0.02788590081036091,False
H1:550,H1,False,background,background,310.0,1152.0,H1:310.0_1152.0,0.007344275712966919,False,0.0062710195779800415,False
H1:551,H1,False,background,background,427.0,792.0,H1:433.0_778.0,0.0753096342086792,False,0.0769466757774353,False
H1:552,H1,False,background,background,439.0,774.0,H1:433.0_778.0,0.30180612206459045,False,0.21519580483436584,False
H1:553,H1,False,background,background,422.0,787.0,H1:433.0_778.0,0.3322327435016632,False,0.14062704145908356,False
H1:554,H1,False,background,background,430.0,781.0,H1:433.0_778.0,0.771022617816925,True,0.6669982671737671,True
H1:555,H1,False,background,background,437.0,772.0,H1:433.0_778.0,0.3572376072406769,False,0.3296070992946625,False
H1:556,H1,False,background,background,429.0,791.0,H1:433.0_778.0,0.0634244829416275,False,0.08475018292665482,False
H1:557,H1,False,background,background,442.0,789.0,H1:433.0_778.0,0.5192103981971741,True,0.3957488238811493,False
H1:558,H1,False,background,background,422.0,774.0,H1:433.0_778.0,0.08820640295743942,False,0.06091263145208359,False
H1:559,H1,False,background,background,390.0,801.0,H1:403.0_786.0,0.1478712409734726,False,0.11675312370061874,False
H1:560,H1,False,background,background,408.0,777.0,H1:403.0_786.0,0.5454667806625366,True,0.20218904316425323,False
H1:561,H1,False,background,background,413.0,795.0,H1:403.0_786.0,0.48443979024887085,False,0.443606972694397,False
H1:562,H1,False,background,background,397.0,792.0,H1:403.0_786.0,0.43074309825897217,False,0.5274363160133362,True
H1:563,H1,False,background,background,391.0,785.0,H1:403.0_786.0,0.4430936276912689,False,0.2595641314983368,False
H1:564,H1,False,background,background,405.0,771.0,H1:403.0_786.0,0.683140218257904,True,0.4874453544616699,False
H1:565,H1,False,background,background,411.0,798.0,H1:403.0_786.0,0.5766576528549194,True,0.6064605116844177,True
H1:566,H1,False,background,background,409.0,788.0,H1:403.0_786.0,0.5245499014854431,True,0.7108354568481445,True
H1:567,H1,False,background,background,386.0,834.0,H1:371.0_837.0,0.13182669878005981,False,0.048647698014974594,False
H1:568,H1,False,background,background,368.0,832.0,H1:371.0_837.0,0.7840991616249084,True,0.6948444247245789,True
H1:569,H1,False,background,background,370.0,842.0,H1:371.0_837.0,0.7528823614120483,True,0.3934643268585205,False
H1:570,H1,False,background,background,371.0,832.0,H1:371.0_837.0,0.23437581956386566,False,0.14221130311489105,False
H1:571,H1,False,background,background,374.0,837.0,H1:371.0_837.0,0.31886646151542664,False,0.28754621744155884,False
H1:572,H1,False,background,background,357.0,833.0,H1:371.0_837.0,0.857732892036438,True,0.7811621427536011,True
H1:573,H1,False,background,background,366.0,823.0,H1:371.0_837.0,0.738601565361023,True,0.8116961717605591,True
H1:574,H1,False,background,background,357.0,829.0,H1:371.0_837.0,0.38518473505973816,False,0.36759936809539795,False
H1:575,H1,False,background,background,377.0,879.0,H1:385.0_868.0,0.27472737431526184,False,0.1472247838973999,False
H1:576,H1,False,background,background,397.0,878.0,H1:385.0_868.0,0.049541324377059937,False,0.042146217077970505,False
H1:577,H1,False,background,background,384.0,873.0,H1:385.0_868.0,0.7370395660400391,True,0.8002263307571411,True
H1:578,H1,False,background,background,390.0,867.0,H1:385.0_868.0,0.5678026676177979,True,0.615351140499115,True
H1:579,H1,False,background,background,383.0,883.0,H1:385.0_868.0,0.1095648780465126,False,0.0915611982345581,False
H1:580,H1,False,background,background,384.0,879.0,H1:385.0_868.0,0.1606806069612503,False,0.06948564201593399,False
H1:581,H1,False,background,background,382.0,860.0,H1:385.0_868.0,0.26294222474098206,False,0.06836141645908356,False
H1:582,H1,False,background,background,396.0,870.0,H1:385.0_868.0,0.2184600979089737,False,0.18991605937480927,False
H1:583,H1,False,background,background,404.0,837.0,H1:401.0_823.0,0.4086722731590271,False,0.12121108174324036,False
H1:584,H1,False,background,background,388.0,832.0,H1:401.0_823.0,0.32506251335144043,False,0.1682649701833725,False
H1:585,H1,False,background,background,392.0,819.0,H1:401.0_823.0,0.32129478454589844,False,0.13437765836715698,False
H1:586,H1,False,background,background,411.0,822.0,H1:401.0_823.0,0.2544987201690674,False,0.10092929750680923,False
H1:587,H1,False,background,background,391.0,824.0,H1:401.0_823.0,0.1738196611404419,False,0.19138048589229584,False
H1:588,H1,False,background,background,409.0,835.0,H1:401.0_823.0,0.21140258014202118,False,0.0483541376888752,False
H1:589,H1,False,background,background,388.0,830.0,H1:401.0_823.0,0.19057761132717133,False,0.12279669940471649,False
H1:590,H1,False,background,background,410.0,820.0,H1:401.0_823.0,0.2300339639186859,False,0.13576830923557281,False
H1:591,H1,False,background,background,412.0,1065.0,H1:420.0_1066.0,0.008328914642333984,False,0.014113221317529678,False
H1:592,H1,False,background,background,410.0,1053.0,H1:420.0_1066.0,0.003112616715952754,False,0.006382484920322895,False
H1:593,H1,False,background,background,412.0,1066.0,H1:420.0_1066.0,0.012632779777050018,False,0.02261963114142418,False
H1:594,H1,False,background,background,424.0,1058.0,H1:420.0_1066.0,0.0034644638653844595,False,0.005548203829675913,False
H1:595,H1,False,background,background,413.0,1053.0,H1:420.0_1066.0,0.0021442987490445375,False,0.0029138901736587286,False
H1:596,H1,False,background,background,420.0,1053.0,H1:420.0_1066.0,0.007694219704717398,False,0.01955457404255867,False
H1:597,H1,False,background,background,414.0,1057.0,H1:420.0_1066.0,0.0035176253877580166,False,0.011635718867182732,False
H1:598,H1,False,background,background,405.0,1072.0,H1:420.0_1066.0,0.0057874987833201885,False,0.013105159625411034,False
H1:599,H1,False,background,background,507.0,985.0,H1:522.0_995.0,0.014189111068844795,False,0.03317387402057648,False
H1:600,H1,False,background,background,518.0,997.0,H1:522.0_995.0,0.0075230528600513935,False,0.024131473153829575,False
H1:601,H1,False,background,background,537.0,998.0,H1:522.0_995.0,0.016984816640615463,False,0.048165541142225266,False
H1:602,H1,False,background,background,516.0,1009.0,H1:522.0_995.0,0.02717789076268673,False,0.0910349190235138,False
H1:603,H1,False,background,background,529.0,994.0,H1:522.0_995.0,0.007162700407207012,False,0.031680628657341,False
H1:604,H1,False,background,background,519.0,1004.0,H1:522.0_995.0,0.03191221505403519,False,0.13897736370563507,False
H1:605,H1,False,background,background,508.0,981.0,H1:522.0_995.0,0.021550873294472694,False,0.06890279054641724,False
H1:606,H1,False,background,background,507.0,999.0,H1:522.0_995.0,0.025393109768629074,False,0.10134994238615036,False
H1:607,H1,False,background,background,245.0,937.0,H1:247.0_922.0,0.21180756390094757,False,0.13152240216732025,False
H1:608,H1,False,background,background,251.0,908.0,H1:247.0_922.0,0.1758103370666504,False,0.12765292823314667,False
H1:609,H1,False,background,background,260.0,935.0,H1:247.0_922.0,0.029431438073515892,False,0.03203105926513672,False
H1:610,H1,False,background,background,239.0,911.0,H1:247.0_922.0,0.23751366138458252,False,0.4094787538051605,False
H1:611,H1,False,background,background,235.0,927.0,H1:247.0_922.0,0.0699639767408371,False,0.046886686235666275,False
H1:612,H1,False,background,background,234.0,907.0,H1:247.0_922.0,0.13661126792430878,False,0.07965067774057388,False
H1:613,H1,False,background,background,242.0,908.0,H1:247.0_922.0,0.11988949030637741,False,0.20500820875167847,False
H1:614,H1,False,background,background,238.0,911.0,H1:247.0_922.0,0.22388462722301483,False,0.2813155949115753,False
H1:615,H1,False,background,background,203.0,1007.0,H1:191.0_995.0,0.23668663203716278,False,0.26724570989608765,False
H1:616,H1,False,background,background,181.0,1004.0,H1:191.0_995.0,0.8690629005432129,True,0.7005869150161743,True
H1:617,H1,False,background,background,178.0,1000.0,H1:191.0_995.0,0.71619713306427,True,0.8737151026725769,True
H1:618,H1,False,background,background,204.0,1000.0,H1:191.0_995.0,0.2181885540485382,False,0.10764089971780777,False
H1:619,H1,False,background,background,183.0,989.0,H1:191.0_995.0,0.12229164689779282,False,0.07956277579069138,False
H1:620,H1,False,background,background,204.0,996.0,H1:191.0_995.0,0.7955472469329834,True,0.7181739211082458,True
H1:621,H1,False,background,background,177.0,994.0,H1:191.0_995.0,0.06647317856550217,False,0.04619872197508812,False
H1:622,H1,False,background,background,192.0,1009.0,H1:191.0_995.0,0.293610543012619,False,0.10065910220146179,False
H1:623,H1,False,background,background,206.0,1068.0,H1:194.0_1069.0,0.2917618453502655,False,0.13579396903514862,False
H1:624,H1,False,background,background,187.0,1077.0,H1:194.0_1069.0,0.11255435645580292,False,0.053702209144830704,False
H1:625,H1,False,background,background,206.0,1065.0,H1:194.0_1069.0,0.06339364498853683,False,0.026473626494407654,False
H1:626,H1,False,background,background,183.0,1082.0,H1:194.0_1069.0,0.011082910932600498,False,0.03448726609349251,False
H1:627,H1,False,background,background,185.0,1080.0,H1:194.0_1069.0,0.12423638999462128,False,0.08273527771234512,False
H1:628,H1,False,background,background,208.0,1084.0,H1:194.0_1069.0,0.03351983428001404,False,0.11398323625326157,False
H1:629,H1,False,background,background,203.0,1061.0,H1:194.0_1069.0,0.1883324235677719,False,0.04395386204123497,False
H1:630,H1,False,background,background,188.0,1080.0,H1:194.0_1069.0,0.13735266029834747,False,0.10408376902341843,False
H1:631,H1,False,background,background,152.0,1037.0,H1:157.0_1038.0,0.10118667781352997,False,0.07104107737541199,False
H1:632,H1,False,background,background,162.0,1038.0,H1:157.0_1038.0,0.18100053071975708,False,0.04789368063211441,False
H1:633,H1,False,background,background,168.0,1039.0,H1:157.0_1038.0,0.1394943743944168,False,0.050976790487766266,False
H1:634,H1,False,background,background,160.0,1025.0,H1:157.0_1038.0,0.11743821948766708,False,0.162379652261734,False
H1:635,H1,False,background,background,161.0,1050.0,H1:157.0_1038.0,0.040490955114364624,False,0.09063197672367096,False
H1:636,H1,False,background,background,155.0,1041.0,H1:157.0_1038.0,0.16453634202480316,False,0.10411721467971802,False
H1:637,H1,False,background,background,151.0,1026.0,H1:157.0_1038.0,0.043908871710300446,False,0.07076235860586166,False
H1:638,H1,False,background,background,154.0,1045.0,H1:157.0_1038.0,0.2123837172985077,False,0.1779405176639557,False
H1:639,H1,False,background,background,174.0,414.0,H1:180.0_426.0,0.4221331775188446,False,0.7015654444694519,True
H1:640,H1,False,background,background,173.0,422.0,H1:180.0_426.0,0.2541210651397705,False,0.4094855487346649,False
H1:641,H1,False,background,background,179.0,431.0,H1:180.0_426.0,0.5811020731925964,True,0.8300243616104126,True
H1:642,H1,False,background,background,168.0,425.0,H1:180.0_426.0,0.27203720808029175,False,0.4491424262523651,False
H1:643,H1,False,background,background,188.0,413.0,H1:180.0_426.0,0.1443376988172531,False,0.16593410074710846,False
H1:644,H1,False,background,background,193.0,430.0,H1:180.0_426.0,0.2107592523097992,False,0.21840976178646088,False
H1:645,H1,False,background,background,180.0,422.0,H1:180.0_426.0,0.41722869873046875,False,0.7017478942871094,True
H1:646,H1,False,background,background,178.0,422.0,H1:180.0_426.0,0.4610287547111511,False,0.7029314041137695,True
H1:647,H1,False,background,background,257.0,419.0,H1:251.0_429.0,0.5782987475395203,True,0.7117647528648376,True
H1:648,H1,False,background,background,258.0,419.0,H1:251.0_429.0,0.4882763922214508,False,0.6176452040672302,True
H1:649,H1,False,background,background,265.0,444.0,H1:251.0_429.0,0.1320321410894394,False,0.15824143588542938,False
H1:650,H1,False,background,background,241.0,432.0,H1:251.0_429.0,0.360382080078125,False,0.6422255039215088,True
H1:651,H1,False,background,background,262.0,432.0,H1:251.0_429.0,0.30476894974708557,False,0.8484176397323608,True
H1:652,H1,False,background,background,254.0,438.0,H1:251.0_429.0,0.4096564054489136,False,0.5660032629966736,True
H1:653,H1,False,background,background,237.0,425.0,H1:251.0_429.0,0.34957724809646606,False,0.46519580483436584,False
H1:654,H1,False,background,background,237.0,418.0,H1:251.0_429.0,0.10787838697433472,False,0.34492483735084534,False
H1:655,H1,False,background,background,154.0,472.0,H1:153.0_469.0,0.6253103017807007,True,0.5835089087486267,True
H1:656,H1,False,background,background,165.0,466.0,H1:153.0_469.0,0.29358595609664917,False,0.1905881017446518,False
H1:657,H1,False,background,background,163.0,466.0,H1:153.0_469.0,0.2841871678829193,False,0.2007855772972107,False
H1:658,H1,False,background,background,164.0,467.0,H1:153.0_469.0,0.34150129556655884,False,0.19527196884155273,False
H1:659,H1,False,background,background,207.0,936.0,H1:213.0_929.0,0.10761439800262451,False,0.26016899943351746,False
H1:660,H1,False,background,background,210.0,932.0,H1:213.0_929.0,0.11513756215572357,False,0.15904617309570312,False
H1:661,H1,False,background,background,199.0,927.0,H1:213.0_929.0,0.06245531514286995,False,0.1341865509748459,False
H1:662,H1,False,background,background,214.0,924.0,H1:213.0_929.0,0.1587926298379898,False,0.2251344621181488,False
H1:663,H1,False,background,background,218.0,914.0,H1:213.0_929.0,0.12988083064556122,False,0.11916473507881165,False
H1:664,H1,False,background,background,200.0,934.0,H1:213.0_929.0,0.10615088045597076,False,0.12287356704473495,False
H1:665,H1,False,background,background,216.0,917.0,H1:213.0_929.0,0.08811453729867935,False,0.10949037969112396,False
H1:666,H1,False,background,background,215.0,921.0,H1:213.0_929.0,0.15989673137664795,False,0.11782295256853104,False
H1:667,H1,False,background,background,182.0,1050.0,H1:182.0_1036.0,0.07078631967306137,False,0.023691974580287933,False
H1:668,H1,False,background,background,172.0,1032.0,H1:182.0_1036.0,0.017733484506607056,False,0.02411913499236107,False
H1:669,H1,False,background,background,191.0,1032.0,H1:182.0_1036.0,0.09521698206663132,False,0.06941003352403641,False
H1:670,H1,False,background,background,192.0,1042.0,H1:182.0_1036.0,0.16718880832195282,False,0.08266513794660568,False
H1:671,H1,False,background,background,183.0,1029.0,H1:182.0_1036.0,0.0748780146241188,False,0.11069472134113312,False
H1:672,H1,False,background,background,191.0,1032.0,H1:182.0_1036.0,0.09521698206663132,False,0.06941003352403641,False
H1:673,H1,False,background,background,195.0,1030.0,H1:182.0_1036.0,0.04439491406083107,False,0.15440325438976288,False
H1:674,H1,False,background,background,169.0,1042.0,H1:182.0_1036.0,0.1366540491580963,False,0.017084157094359398,False
H1:675,H1,False,background,background,306.0,1139.0,H1:310.0_1152.0,0.013803352601826191,False,0.03497136011719704,False
H1:676,H1,False,background,background,320.0,1148.0,H1:310.0_1152.0,0.007411165162920952,False,0.007341126911342144,False
H1:677,H1,False,background,background,323.0,1167.0,H1:310.0_1152.0,0.009484315291047096,False,0.007300544995814562,False
H1:678,H1,False,background,background,322.0,1156.0,H1:310.0_1152.0,0.005729738622903824,False,0.00483093224465847,False
H1:679,H1,False,background,background,302.0,1151.0,H1:310.0_1152.0,0.011227910406887531,False,0.01612604595720768,False
H1:680,H1,False,background,background,320.0,1145.0,H1:310.0_1152.0,0.004979729186743498,False,0.004796464461833239,False
H1:681,H1,False,background,background,316.0,1137.0,H1:310.0_1152.0,0.01109077874571085,False,0.009258783422410488,False
H1:682,H1,False,background,background,317.0,1165.0,H1:310.0_1152.0,0.00544020626693964,False,0.005074624437838793,False
H3:0,H3,True,tier1_subtle,tier1_subtle,341.0,1163.0,H3:341.0_1163.0,0.6143048405647278,True,0.6351615786552429,True
H3:1,H3,True,tier1_subtle,tier1_subtle,176.0,396.0,H3:176.0_396.0,0.6308223009109497,True,0.5881816744804382,True
H3:2,H3,True,tier1_subtle,tier1_subtle,244.0,1013.0,H3:244.0_1013.0,0.8290748000144958,True,0.774043619632721,True
H3:3,H3,True,tier1_subtle,tier1_subtle,170.0,768.0,H3:170.0_768.0,0.5242475271224976,True,0.647999107837677,True
H3:4,H3,True,tier1_subtle,tier1_subtle,179.0,1019.0,H3:179.0_1019.0,0.8280563950538635,True,0.8933230638504028,True
H3:5,H3,True,tier1_subtle,tier1_subtle,180.0,447.0,H3:180.0_447.0,0.658044159412384,True,0.5104240775108337,True
H3:6,H3,True,tier1_subtle,tier1_subtle,222.0,983.0,H3:222.0_983.0,0.9337724447250366,True,0.9486696720123291,True
H3:7,H3,True,tier1_subtle,tier1_subtle,344.0,518.0,H3:344.0_518.0,0.8955451250076294,True,0.8925230503082275,True
H3:8,H3,True,tier1_subtle,tier1_subtle,269.0,722.0,H3:269.0_722.0,0.4379172623157501,False,0.7501549124717712,True
H3:9,H3,True,tier1_subtle,tier1_subtle,316.0,504.0,H3:316.0_504.0,0.7915875911712646,True,0.8114560842514038,True
H3:10,H3,True,tier1_subtle,tier1_subtle,294.0,558.0,H3:294.0_558.0,0.8105646371841431,True,0.7872141003608704,True
H3:11,H3,True,tier1_subtle,tier1_subtle,241.0,681.0,H3:241.0_681.0,0.8779680132865906,True,0.9505701661109924,True
H3:12,H3,True,tier1_subtle,tier1_subtle,151.0,1036.0,H3:151.0_1036.0,0.5522932410240173,True,0.6359042525291443,True
H3:13,H3,True,tier1_subtle,tier1_subtle,218.0,478.0,H3:218.0_478.0,0.5154203176498413,True,0.6364293694496155,True
H3:14,H3,True,tier1_subtle,tier1_subtle,303.0,613.0,H3:303.0_613.0,0.8197519183158875,True,0.6904149651527405,True
H3:15,H3,True,tier2_approaching,tier2_approaching,244.0,1013.0,H3:244.0_1013.0,0.9073536396026611,True,0.8941366672515869,True
H3:16,H3,True,tier2_approaching,tier2_approaching,222.0,983.0,H3:222.0_983.0,0.9305699467658997,True,0.9642676711082458,True
H3:17,H3,True,tier2_approaching,tier2_approaching,151.0,1036.0,H3:151.0_1036.0,0.7742058038711548,True,0.7535302639007568,True
H3:18,H3,True,tier2_approaching,tier2_approaching,176.0,396.0,H3:176.0_396.0,0.512656569480896,True,0.6412548422813416,True
H3:19,H3,True,tier2_approaching,tier2_approaching,180.0,447.0,H3:180.0_447.0,0.5969994068145752,True,0.47446298599243164,False
H3:20,H3,True,tier2_approaching,tier2_approaching,248.0,582.0,H3:248.0_582.0,0.924532413482666,True,0.9505563974380493,True
H3:21,H3,True,tier2_approaching,tier2_approaching,344.0,518.0,H3:344.0_518.0,0.9321547746658325,True,0.8750343918800354,True
H3:22,H3,True,tier2_approaching,tier2_approaching,236.0,1054.0,H3:236.0_1054.0,0.5148846507072449,True,0.7723757028579712,True
H3:23,H3,True,tier2_approaching,tier2_approaching,269.0,722.0,H3:269.0_722.0,0.8270067572593689,True,0.9325410723686218,True
H3:24,H3,True,tier2_approaching,tier2_approaching,316.0,504.0,H3:316.0_504.0,0.7638067007064819,True,0.7736049890518188,True
H3:25,H3,True,tier2_approaching,tier2_approaching,330.0,896.0,H3:330.0_896.0,0.8393608927726746,True,0.9093090891838074,True
H3:26,H3,True,tier2_approaching,tier2_approaching,179.0,1019.0,H3:179.0_1019.0,0.8093010187149048,True,0.8284816741943359,True
H3:27,H3,True,tier2_approaching,tier2_approaching,241.0,681.0,H3:241.0_681.0,0.924574077129364,True,0.9354032278060913,True
H3:28,H3,True,tier2_approaching,tier2_approaching,294.0,558.0,H3:294.0_558.0,0.8884798884391785,True,0.7690504193305969,True
H3:29,H3,True,tier2_approaching,tier2_approaching,341.0,1163.0,H3:341.0_1163.0,0.5020900964736938,True,0.833767294883728,True
H3:30,H3,True,tier3_at_tuning,tier3_at_tuning,170.0,768.0,H3:170.0_768.0,0.6001095175743103,True,0.522983968257904,True
H3:31,H3,True,tier3_at_tuning,tier3_at_tuning,269.0,722.0,H3:269.0_722.0,0.8035038113594055,True,0.9644368290901184,True
H3:32,H3,True,tier3_at_tuning,tier3_at_tuning,151.0,1036.0,H3:151.0_1036.0,0.8632143139839172,True,0.7842587232589722,True
H3:33,H3,True,tier3_at_tuning,tier3_at_tuning,303.0,613.0,H3:303.0_613.0,0.9197078943252563,True,0.9573556780815125,True
H3:34,H3,True,tier3_at_tuning,tier3_at_tuning,236.0,1054.0,H3:236.0_1054.0,0.7269006371498108,True,0.8958241939544678,True
H3:35,H3,True,tier3_at_tuning,tier3_at_tuning,180.0,447.0,H3:180.0_447.0,0.7557472586631775,True,0.7844533324241638,True
H3:36,H3,True,tier3_at_tuning,tier3_at_tuning,330.0,896.0,H3:330.0_896.0,0.8150004148483276,True,0.9404653906822205,True
H3:37,H3,True,tier3_at_tuning,tier3_at_tuning,179.0,1019.0,H3:179.0_1019.0,0.9187928438186646,True,0.9283510446548462,True
H3:38,H3,True,tier3_at_tuning,tier3_at_tuning,244.0,1013.0,H3:244.0_1013.0,0.9062740802764893,True,0.9155927896499634,True
H3:39,H3,True,tier3_at_tuning,tier3_at_tuning,176.0,396.0,H3:176.0_396.0,0.4982861876487732,False,0.7631366848945618,True
H3:40,H3,True,tier3_at_tuning,tier3_at_tuning,185.0,523.0,H3:185.0_523.0,0.5554859042167664,True,0.4934362769126892,False
H3:41,H3,True,tier3_at_tuning,tier3_at_tuning,344.0,518.0,H3:344.0_518.0,0.9363381862640381,True,0.8855658173561096,True
H3:42,H3,True,tier3_at_tuning,tier3_at_tuning,341.0,1163.0,H3:341.0_1163.0,0.4038556218147278,False,0.8660467863082886,True
H3:43,H3,True,tier4_obvious,tier4_obvious,179.0,1019.0,H3:179.0_1019.0,0.9414840936660767,True,0.8600577712059021,True
H3:44,H3,True,tier4_obvious,tier4_obvious,303.0,613.0,H3:303.0_613.0,0.883806586265564,True,0.9571163654327393,True
H3:45,H3,True,tier4_obvious,tier4_obvious,341.0,1163.0,H3:341.0_1163.0,0.3954871594905853,False,0.866777241230011,True
H3:46,H3,True,tier4_obvious,tier4_obvious,170.0,768.0,H3:170.0_768.0,0.509964644908905,True,0.3657754957675934,False
H3:47,H3,True,tier4_obvious,tier4_obvious,241.0,681.0,H3:241.0_681.0,0.9390147924423218,True,0.9256811738014221,True
H3:48,H3,True,tier4_obvious,tier4_obvious,185.0,523.0,H3:185.0_523.0,0.6399648189544678,True,0.5716406106948853,True
H3:49,H3,True,tier4_obvious,tier4_obvious,269.0,722.0,H3:269.0_722.0,0.8368083834648132,True,0.9387689232826233,True
H3:50,H3,True,tier4_obvious,tier4_obvious,151.0,1036.0,H3:151.0_1036.0,0.8466134071350098,True,0.7903110384941101,True
H3:51,H3,True,tier4_obvious,tier4_obvious,316.0,504.0,H3:316.0_504.0,0.7898687124252319,True,0.7570985555648804,True
H3:52,H3,True,tier4_obvious,tier4_obvious,222.0,983.0,H3:222.0_983.0,0.9365178942680359,True,0.9709638357162476,True
H3:53,H3,True,tier4_obvious,tier4_obvious,330.0,896.0,H3:330.0_896.0,0.7174543142318726,True,0.8992373943328857,True
H3:54,H3,True,tier4_obvious,tier4_obvious,338.0,826.0,H3:338.0_826.0,0.5492268800735474,True,0.8367567658424377,True
H3:55,H3,True,tier5_resolved,tier5_resolved,179.0,1019.0,H3:179.0_1019.0,0.9147585034370422,True,0.9533592462539673,True
H3:56,H3,True,tier5_resolved,tier5_resolved,294.0,558.0,H3:294.0_558.0,0.917707085609436,True,0.8465563654899597,True
H3:57,H3,True,tier5_resolved,tier5_resolved,151.0,1036.0,H3:151.0_1036.0,0.7974832057952881,True,0.8522447943687439,True
H3:58,H3,True,tier5_resolved,tier5_resolved,176.0,396.0,H3:176.0_396.0,0.5418839454650879,True,0.6534683108329773,True
H3:59,H3,True,tier5_resolved,tier5_resolved,338.0,826.0,H3:338.0_826.0,0.5555207133293152,True,0.8803297877311707,True
H3:60,H3,True,tier5_resolved,tier5_resolved,180.0,447.0,H3:180.0_447.0,0.6024895906448364,True,0.7327967882156372,True
H3:61,H3,True,tier5_resolved,tier5_resolved,248.0,582.0,H3:248.0_582.0,0.9214187264442444,True,0.9641938805580139,True
H3:62,H3,True,tier5_resolved,tier5_resolved,236.0,1054.0,H3:236.0_1054.0,0.49161675572395325,False,0.6760309338569641,True
H3:63,H3,True,tier5_resolved,tier5_resolved,170.0,768.0,H3:170.0_768.0,0.5060890913009644,True,0.8285200595855713,True
H3:64,H3,True,tier5_resolved,tier5_resolved,341.0,1163.0,H3:341.0_1163.0,0.3410148620605469,False,0.5431151390075684,True
H3:65,H3,True,tier5_resolved,tier5_resolved,185.0,523.0,H3:185.0_523.0,0.3721717894077301,False,0.6740289330482483,True
H3:66,H3,True,tier5_resolved,tier5_resolved,218.0,478.0,H3:218.0_478.0,0.48176777362823486,False,0.6479568481445312,True
H3:67,H3,True,tier5_resolved,tier5_resolved,303.0,613.0,H3:303.0_613.0,0.9221485257148743,True,0.9539122581481934,True
H3:68,H3,True,tier5_resolved,tier5_resolved,316.0,504.0,H3:316.0_504.0,0.6715241074562073,True,0.7674782872200012,True
H3:69,H3,False,hard_negative_no_conformance,tier2_approaching,151.0,1036.0,H3:151.0_1036.0,0.023134922608733177,False,0.009038417600095272,False
H3:70,H3,False,hard_negative_no_conformance,tier5_resolved,222.0,983.0,H3:222.0_983.0,0.08280380815267563,False,0.07415518909692764,False
H3:71,H3,False,hard_negative_no_conformance,tier4_obvious,244.0,1013.0,H3:244.0_1013.0,0.8461055159568787,True,0.40578407049179077,False
H3:72,H3,False,hard_negative_no_conformance,tier2_approaching,218.0,478.0,H3:218.0_478.0,0.028344282880425453,False,0.024496005848050117,False
H3:73,H3,False,hard_negative_no_conformance,tier4_obvious,344.0,518.0,H3:344.0_518.0,0.043433867394924164,False,0.02717621996998787,False
H3:74,H3,False,hard_negative_no_conformance,tier2_approaching,341.0,1163.0,H3:341.0_1163.0,0.02282966673374176,False,0.04257464408874512,False
H3:75,H3,False,hard_negative_no_conformance,tier5_resolved,241.0,681.0,H3:241.0_681.0,0.07593496888875961,False,0.06682632863521576,False
H3:76,H3,False,hard_negative_no_conformance,tier1_subtle,248.0,582.0,H3:248.0_582.0,0.05147552490234375,False,0.009632701985538006,False
H3:77,H3,False,hard_negative_no_conformance,tier4_obvious,316.0,504.0,H3:316.0_504.0,0.011260529048740864,False,0.027580954134464264,False
H3:78,H3,False,hard_negative_no_conformance,tier1_subtle,176.0,396.0,H3:176.0_396.0,0.0603589229285717,False,0.022597257047891617,False
H3:79,H3,False,hard_negative_no_conformance,tier3_at_tuning,338.0,826.0,H3:338.0_826.0,0.6325218081474304,True,0.5202792882919312,True
H3:80,H3,False,hard_negative_no_conformance,tier3_at_tuning,170.0,768.0,H3:170.0_768.0,0.005055307410657406,False,0.016289902850985527,False
H3:81,H3,False,hard_negative_no_conformance,tier2_approaching,180.0,447.0,H3:180.0_447.0,0.004401491954922676,False,0.014880582690238953,False
H3:82,H3,False,hard_negative_no_conformance,tier4_obvious,330.0,896.0,H3:330.0_896.0,0.17507192492485046,False,0.08961553126573563,False
H3:83,H3,False,hard_negative_no_conformance,tier2_approaching,179.0,1019.0,H3:179.0_1019.0,0.11159978806972504,False,0.07637671381235123,False
H3:84,H3,False,hard_negative_syncline,tier2_approaching,222.0,921.0,H3:222.0_921.0,0.1292160004377365,False,0.193277508020401,False
H3:85,H3,False,hard_negative_syncline,tier1_subtle,208.0,1043.0,H3:208.0_1043.0,0.2422230839729309,False,0.2813553214073181,False
H3:86,H3,False,hard_negative_syncline,tier5_resolved,318.0,696.0,H3:318.0_696.0,0.19629831612110138,False,0.42517054080963135,False
H3:87,H3,False,hard_negative_syncline,tier1_subtle,317.0,929.0,H3:317.0_929.0,0.08314383774995804,False,0.19140277802944183,False
H3:88,H3,False,hard_negative_syncline,tier4_obvious,246.0,551.0,H3:246.0_551.0,0.4379267990589142,False,0.49844250082969666,False
H3:89,H3,False,hard_negative_syncline,tier1_subtle,186.0,595.0,H3:186.0_595.0,0.5235328078269958,True,0.47963857650756836,False
H3:90,H3,False,hard_negative_syncline,tier3_at_tuning,280.0,877.0,H3:280.0_877.0,0.30924513936042786,False,0.4180159270763397,False
H3:91,H3,False,hard_negative_syncline,tier2_approaching,189.0,977.0,H3:189.0_977.0,0.09282698482275009,False,0.05037929117679596,False
H3:92,H3,False,hard_negative_syncline,tier3_at_tuning,222.0,921.0,H3:222.0_921.0,0.10526972264051437,False,0.34259259700775146,False
H3:93,H3,False,hard_negative_syncline,tier4_obvious,317.0,929.0,H3:317.0_929.0,0.05666516721248627,False,0.19629104435443878,False
H3:94,H3,False,hard_negative_syncline,tier4_obvious,246.0,551.0,H3:246.0_551.0,0.5491412281990051,True,0.41290703415870667,False
H3:95,H3,False,hard_negative_syncline,tier4_obvious,186.0,595.0,H3:186.0_595.0,0.6390582919120789,True,0.6710076332092285,True
H3:96,H3,False,hard_negative_syncline,tier2_approaching,318.0,696.0,H3:318.0_696.0,0.12178042531013489,False,0.20730261504650116,False
H3:97,H3,False,hard_negative_syncline,tier2_approaching,189.0,977.0,H3:189.0_977.0,0.08160482347011566,False,0.04734909161925316,False
H3:98,H3,False,hard_negative_syncline,tier5_resolved,208.0,1043.0,H3:208.0_1043.0,0.6087520122528076,True,0.5397691130638123,True
H3:99,H3,False,hard_negative_single_reflector,tier4_obvious,330.0,896.0,H3:330.0_896.0,0.8025092482566833,True,0.9066449999809265,True
H3:100,H3,False,hard_negative_single_reflector,tier4_obvious,341.0,1163.0,H3:341.0_1163.0,0.5225316882133484,True,0.6847726702690125,True
H3:101,H3,False,hard_negative_single_reflector,tier2_approaching,269.0,722.0,H3:269.0_722.0,0.8053226470947266,True,0.8974074721336365,True
H3:102,H3,False,hard_negative_single_reflector,tier4_obvious,303.0,613.0,H3:303.0_613.0,0.9338688850402832,True,0.9451344609260559,True
H3:103,H3,False,hard_negative_single_reflector,tier5_resolved,180.0,447.0,H3:180.0_447.0,0.6879616379737854,True,0.5659883618354797,True
H3:104,H3,False,hard_negative_single_reflector,tier5_resolved,236.0,1054.0,H3:236.0_1054.0,0.5033795833587646,True,0.7683072686195374,True
H3:105,H3,False,hard_negative_single_reflector,tier5_resolved,170.0,768.0,H3:170.0_768.0,0.49881061911582947,False,0.6746160984039307,True
H3:106,H3,False,hard_negative_single_reflector,tier3_at_tuning,316.0,504.0,H3:316.0_504.0,0.8136951327323914,True,0.7854613661766052,True
H3:107,H3,False,hard_negative_single_reflector,tier1_subtle,185.0,523.0,H3:185.0_523.0,0.6475590467453003,True,0.6664233803749084,True
H3:108,H3,False,hard_negative_single_reflector,tier2_approaching,344.0,518.0,H3:344.0_518.0,0.9212541580200195,True,0.9081765413284302,True
H3:109,H3,False,hard_negative_single_reflector,tier3_at_tuning,248.0,582.0,H3:248.0_582.0,0.9202151894569397,True,0.9441078901290894,True
H3:110,H3,False,hard_negative_single_reflector,tier2_approaching,294.0,558.0,H3:294.0_558.0,0.9217685461044312,True,0.8122609853744507,True
H3:111,H3,False,hard_negative_single_reflector,tier1_subtle,179.0,1019.0,H3:179.0_1019.0,0.8564356565475464,True,0.83390873670578,True
H3:112,H3,False,hard_negative_single_reflector,tier5_resolved,338.0,826.0,H3:338.0_826.0,0.5643851161003113,True,0.7111229300498962,True
H3:113,H3,False,hard_negative_single_reflector,tier2_approaching,151.0,1036.0,H3:151.0_1036.0,0.7747282981872559,True,0.6873259544372559,True
H3:114,H3,False,hard_negative_tuning,tier3_at_tuning,341.0,1163.0,H3:341.0_1163.0,0.42745962738990784,False,0.46662700176239014,False
H3:115,H3,False,hard_negative_tuning,tier3_at_tuning,179.0,1019.0,H3:179.0_1019.0,0.685634195804596,True,0.7284868955612183,True
H3:116,H3,False,hard_negative_tuning,tier3_at_tuning,241.0,681.0,H3:241.0_681.0,0.7687214016914368,True,0.7893919944763184,True
H3:117,H3,False,hard_negative_tuning,tier3_at_tuning,236.0,1054.0,H3:236.0_1054.0,0.4585759937763214,False,0.7349446415901184,True
H3:118,H3,False,hard_negative_tuning,tier3_at_tuning,151.0,1036.0,H3:151.0_1036.0,0.5678983330726624,True,0.3543052673339844,False
H3:119,H3,False,hard_negative_tuning,tier3_at_tuning,294.0,558.0,H3:294.0_558.0,0.618034839630127,True,0.47123855352401733,False
H3:120,H3,False,hard_negative_tuning,tier3_at_tuning,176.0,396.0,H3:176.0_396.0,0.6524115204811096,True,0.47713717818260193,False
H3:121,H3,False,hard_negative_tuning,tier3_at_tuning,269.0,722.0,H3:269.0_722.0,0.5774425268173218,True,0.7585265040397644,True
H3:122,H3,False,hard_negative_tuning,tier3_at_tuning,185.0,523.0,H3:185.0_523.0,0.6521826982498169,True,0.5745973587036133,True
H3:123,H3,False,hard_negative_tuning,tier3_at_tuning,218.0,478.0,H3:218.0_478.0,0.27899622917175293,False,0.5516211986541748,True
H3:124,H3,False,hard_negative_tuning,tier3_at_tuning,244.0,1013.0,H3:244.0_1013.0,0.7568952441215515,True,0.729383647441864,True
H3:125,H3,False,hard_negative_tuning,tier3_at_tuning,180.0,447.0,H3:180.0_447.0,0.6932527422904968,True,0.5661538243293762,True
H3:126,H3,False,hard_negative_tuning,tier3_at_tuning,303.0,613.0,H3:303.0_613.0,0.532301664352417,True,0.7127182483673096,True
H3:127,H3,False,hard_negative_tuning,tier3_at_tuning,248.0,582.0,H3:248.0_582.0,0.663993775844574,True,0.5951281785964966,True
H3:128,H3,False,hard_negative_tuning,tier3_at_tuning,170.0,768.0,H3:170.0_768.0,0.2369261234998703,False,0.3426908850669861,False
H3:129,H3,False,background,background,222.0,983.0,H3:222.0_983.0,0.9091516733169556,True,0.9550328850746155,True
H3:130,H3,False,background,background,330.0,896.0,H3:330.0_896.0,0.8512086868286133,True,0.8658015727996826,True
H3:131,H3,False,background,background,179.0,1019.0,H3:179.0_1019.0,0.9449710249900818,True,0.9022736549377441,True
H3:132,H3,False,background,background,236.0,1054.0,H3:236.0_1054.0,0.5906069278717041,True,0.7954283952713013,True
H3:133,H3,False,background,background,338.0,826.0,H3:338.0_826.0,0.5083338022232056,True,0.7573317885398865,True
H3:134,H3,False,background,background,151.0,1036.0,H3:151.0_1036.0,0.5617334842681885,True,0.634090006351471,True
H3:135,H3,False,background,background,341.0,1163.0,H3:341.0_1163.0,0.5604375004768372,True,0.6749926805496216,True
H3:136,H3,False,background,background,244.0,1013.0,H3:244.0_1013.0,0.7859601974487305,True,0.6866953372955322,True
H3:137,H3,False,background,background,248.0,582.0,H3:248.0_582.0,0.9165049195289612,True,0.9546836018562317,True
H3:138,H3,False,background,background,294.0,558.0,H3:294.0_558.0,0.8851110339164734,True,0.8069093823432922,True
H3:139,H3,False,background,background,170.0,768.0,H3:170.0_768.0,0.4927825629711151,False,0.5692273378372192,True
H3:140,H3,False,background,background,180.0,447.0,H3:180.0_447.0,0.6758899688720703,True,0.48143476247787476,False
H3:141,H3,False,background,background,241.0,681.0,H3:241.0_681.0,0.793597400188446,True,0.9291109442710876,True
H3:142,H3,False,background,background,303.0,613.0,H3:303.0_613.0,0.7913057804107666,True,0.6692520976066589,True
H3:143,H3,False,background,background,185.0,523.0,H3:185.0_523.0,0.5752611756324768,True,0.6664233803749084,True
H3:144,H3,False,background,background,218.0,478.0,H3:218.0_478.0,0.5154203176498413,True,0.6529293656349182,True
H3:145,H3,False,background,background,316.0,504.0,H3:316.0_504.0,0.7427242398262024,True,0.7654592394828796,True
H3:146,H3,False,background,background,344.0,518.0,H3:344.0_518.0,0.8590285778045654,True,0.8395869731903076,True
H3:147,H3,False,background,background,176.0,396.0,H3:176.0_396.0,0.5576962232589722,True,0.5881816744804382,True
H3:148,H3,False,background,background,269.0,722.0,H3:269.0_722.0,0.48729750514030457,False,0.7507028579711914,True
H3:149,H3,False,background,background,189.0,977.0,H3:189.0_977.0,0.05077343061566353,False,0.0396488793194294,False
H3:150,H3,False,background,background,222.0,921.0,H3:222.0_921.0,0.15462547540664673,False,0.11239509284496307,False
H3:151,H3,False,background,background,186.0,595.0,H3:186.0_595.0,0.540766179561615,True,0.47963857650756836,False
H3:152,H3,False,background,background,280.0,877.0,H3:280.0_877.0,0.1224689856171608,False,0.06310775876045227,False
H3:153,H3,False,background,background,318.0,696.0,H3:318.0_696.0,0.18367063999176025,False,0.3436245024204254,False
H3:154,H3,False,background,background,246.0,551.0,H3:246.0_551.0,0.3685392439365387,False,0.2232353538274765,False
H3:155,H3,False,background,background,208.0,1043.0,H3:208.0_1043.0,0.17968906462192535,False,0.29676687717437744,False
H3:156,H3,False,background,background,317.0,929.0,H3:317.0_929.0,0.0860663652420044,False,0.19927939772605896,False
H3:157,H3,False,background,background,222.0,983.0,H3:222.0_983.0,0.0945386067032814,False,0.038281697779893875,False
H3:158,H3,False,background,background,330.0,896.0,H3:330.0_896.0,0.38312578201293945,False,0.06482955068349838,False
H3:159,H3,False,background,background,179.0,1019.0,H3:179.0_1019.0,0.11405620723962784,False,0.16764526069164276,False
H3:160,H3,False,background,background,236.0,1054.0,H3:236.0_1054.0,0.053805332630872726,False,0.09567493945360184,False
H3:161,H3,False,background,background,338.0,826.0,H3:338.0_826.0,0.24234417080879211,False,0.17585623264312744,False
H3:162,H3,False,background,background,151.0,1036.0,H3:151.0_1036.0,0.019170062616467476,False,0.01121011096984148,False
H3:163,H3,False,background,background,341.0,1163.0,H3:341.0_1163.0,0.011836499907076359,False,0.017227666452527046,False
H3:164,H3,False,background,background,244.0,1013.0,H3:244.0_1013.0,0.517946720123291,True,0.20789825916290283,False
H3:165,H3,False,background,background,248.0,582.0,H3:248.0_582.0,0.04782548174262047,False,0.009996878914535046,False
H3:166,H3,False,background,background,294.0,558.0,H3:294.0_558.0,0.017667388543486595,False,0.005932300817221403,False
H3:167,H3,False,background,background,170.0,768.0,H3:170.0_768.0,0.007226370740681887,False,0.007675060536712408,False
H3:168,H3,False,background,background,180.0,447.0,H3:180.0_447.0,0.019870523363351822,False,0.013706027530133724,False
H3:169,H3,False,background,background,241.0,681.0,H3:241.0_681.0,0.028361020609736443,False,0.009912622161209583,False
H3:170,H3,False,background,background,303.0,613.0,H3:303.0_613.0,0.004431408364325762,False,0.010399138554930687,False
H3:171,H3,False,background,background,185.0,523.0,H3:185.0_523.0,0.005032623652368784,False,0.00511915422976017,False
H3:172,H3,False,background,background,218.0,478.0,H3:218.0_478.0,0.024505488574504852,False,0.01194563414901495,False
H3:173,H3,False,background,background,316.0,504.0,H3:316.0_504.0,0.012466608546674252,False,0.02504599466919899,False
H3:174,H3,False,background,background,344.0,518.0,H3:344.0_518.0,0.03425601124763489,False,0.040014997124671936,False
H3:175,H3,False,background,background,176.0,396.0,H3:176.0_396.0,0.015172973275184631,False,0.008137799799442291,False
H3:176,H3,False,background,background,269.0,722.0,H3:269.0_722.0,0.007698600646108389,False,0.002633356722071767,False
H3:177,H3,True,tier1_subtle,tier1_subtle,427.0,588.0,H3:427.0_588.0,0.919126033782959,True,0.9413395524024963,True
H3:178,H3,True,tier1_subtle,tier1_subtle,500.0,396.0,H3:500.0_396.0,0.8896112442016602,True,0.7661662101745605,True
H3:179,H3,True,tier1_subtle,tier1_subtle,479.0,645.0,H3:479.0_645.0,0.9158641695976257,True,0.9304367899894714,True
H3:180,H3,True,tier1_subtle,tier1_subtle,518.0,935.0,H3:518.0_935.0,0.06483343988656998,False,0.030384792014956474,False
H3:181,H3,True,tier1_subtle,tier1_subtle,548.0,370.0,H3:548.0_370.0,0.8154398798942566,True,0.9577926993370056,True
H3:182,H3,True,tier1_subtle,tier1_subtle,374.0,470.0,H3:374.0_470.0,0.8450890183448792,True,0.8248119354248047,True
H3:183,H3,True,tier1_subtle,tier1_subtle,402.0,572.0,H3:402.0_572.0,0.8984336853027344,True,0.8631595969200134,True
H3:184,H3,True,tier1_subtle,tier1_subtle,557.0,741.0,H3:557.0_741.0,0.7694499492645264,True,0.7530816197395325,True
H3:185,H3,True,tier1_subtle,tier1_subtle,403.0,470.0,H3:403.0_470.0,0.8207148909568787,True,0.5569913983345032,True
H3:186,H3,True,tier1_subtle,tier1_subtle,440.0,816.0,H3:440.0_816.0,0.712783932685852,True,0.7229305505752563,True
H3:187,H3,True,tier1_subtle,tier1_subtle,393.0,901.0,H3:393.0_901.0,0.5629645586013794,True,0.5963966846466064,True
H3:188,H3,True,tier1_subtle,tier1_subtle,420.0,418.0,H3:420.0_418.0,0.5297009348869324,True,0.4007807970046997,False
H3:189,H3,True,tier1_subtle,tier1_subtle,472.0,462.0,H3:472.0_462.0,0.5872544646263123,True,0.6574718952178955,True
H3:190,H3,True,tier1_subtle,tier1_subtle,447.0,379.0,H3:447.0_379.0,0.8008761405944824,True,0.7397019863128662,True
H3:191,H3,True,tier2_approaching,tier2_approaching,453.0,507.0,H3:453.0_507.0,0.8859931826591492,True,0.890877902507782,True
H3:192,H3,True,tier2_approaching,tier2_approaching,518.0,935.0,H3:518.0_935.0,0.09515540301799774,False,0.05315057933330536,False
H3:193,H3,True,tier2_approaching,tier2_approaching,479.0,645.0,H3:479.0_645.0,0.9125828146934509,True,0.9136471152305603,True
H3:194,H3,True,tier2_approaching,tier2_approaching,403.0,470.0,H3:403.0_470.0,0.9468761682510376,True,0.9607309699058533,True
H3:195,H3,True,tier2_approaching,tier2_approaching,663.0,355.0,H3:663.0_355.0,0.8340122699737549,True,0.7552307844161987,True
H3:196,H3,True,tier2_approaching,tier2_approaching,500.0,396.0,H3:500.0_396.0,0.9324164986610413,True,0.9303562045097351,True
H3:197,H3,True,tier2_approaching,tier2_approaching,452.0,794.0,H3:452.0_794.0,0.7501103281974792,True,0.7207188010215759,True
H3:198,H3,True,tier2_approaching,tier2_approaching,393.0,901.0,H3:393.0_901.0,0.8445246815681458,True,0.8477835655212402,True
H3:199,H3,True,tier2_approaching,tier2_approaching,402.0,572.0,H3:402.0_572.0,0.9357349872589111,True,0.9124720096588135,True
H3:200,H3,True,tier2_approaching,tier2_approaching,472.0,462.0,H3:472.0_462.0,0.7790920734405518,True,0.926454484462738,True
H3:201,H3,True,tier2_approaching,tier2_approaching,374.0,470.0,H3:374.0_470.0,0.7862448692321777,True,0.8377028703689575,True
H3:202,H3,True,tier2_approaching,tier2_approaching,666.0,470.0,H3:666.0_470.0,0.2917257845401764,False,0.703129231929779,True
H3:203,H3,True,tier2_approaching,tier2_approaching,548.0,370.0,H3:548.0_370.0,0.8501085042953491,True,0.9573091268539429,True
H3:204,H3,True,tier2_approaching,tier2_approaching,557.0,741.0,H3:557.0_741.0,0.8000237941741943,True,0.7299191355705261,True
H3:205,H3,True,tier3_at_tuning,tier3_at_tuning,374.0,470.0,H3:374.0_470.0,0.8213788866996765,True,0.8943715691566467,True
H3:206,H3,True,tier3_at_tuning,tier3_at_tuning,538.0,567.0,H3:538.0_567.0,0.945141077041626,True,0.9715273380279541,True
H3:207,H3,True,tier3_at_tuning,tier3_at_tuning,472.0,462.0,H3:472.0_462.0,0.8564615845680237,True,0.9475022554397583,True
H3:208,H3,True,tier3_at_tuning,tier3_at_tuning,666.0,470.0,H3:666.0_470.0,0.4954659938812256,False,0.7583169937133789,True
H3:209,H3,True,tier3_at_tuning,tier3_at_tuning,427.0,588.0,H3:427.0_588.0,0.9286928772926331,True,0.9582260847091675,True
H3:210,H3,True,tier3_at_tuning,tier3_at_tuning,518.0,935.0,H3:518.0_935.0,0.5422115325927734,True,0.47474074363708496,False
H3:211,H3,True,tier3_at_tuning,tier3_at_tuning,479.0,645.0,H3:479.0_645.0,0.9241011142730713,True,0.89737868309021,True
H3:212,H3,True,tier3_at_tuning,tier3_at_tuning,440.0,816.0,H3:440.0_816.0,0.7147377729415894,True,0.7204751372337341,True
H3:213,H3,True,tier3_at_tuning,tier3_at_tuning,453.0,507.0,H3:453.0_507.0,0.8546662330627441,True,0.9347285032272339,True
H3:214,H3,True,tier3_at_tuning,tier3_at_tuning,402.0,572.0,H3:402.0_572.0,0.9139418601989746,True,0.9351779818534851,True
H3:215,H3,True,tier3_at_tuning,tier3_at_tuning,557.0,741.0,H3:557.0_741.0,0.8213467597961426,True,0.7527663707733154,True
H3:216,H3,True,tier3_at_tuning,tier3_at_tuning,431.0,1166.0,H3:431.0_1166.0,0.7128106355667114,True,0.27943333983421326,False
H3:217,H3,True,tier4_obvious,tier4_obvious,420.0,418.0,H3:420.0_418.0,0.7564808130264282,True,0.7456932663917542,True
H3:218,H3,True,tier4_obvious,tier4_obvious,402.0,572.0,H3:402.0_572.0,0.9461491703987122,True,0.9077162742614746,True
H3:219,H3,True,tier4_obvious,tier4_obvious,374.0,470.0,H3:374.0_470.0,0.7989473938941956,True,0.9065980911254883,True
H3:220,H3,True,tier4_obvious,tier4_obvious,447.0,379.0,H3:447.0_379.0,0.8746232986450195,True,0.8372365832328796,True
H3:221,H3,True,tier4_obvious,tier4_obvious,403.0,470.0,H3:403.0_470.0,0.9441578984260559,True,0.9372180700302124,True
H3:222,H3,True,tier4_obvious,tier4_obvious,666.0,470.0,H3:666.0_470.0,0.5058004260063171,True,0.6117342710494995,True
H3:223,H3,True,tier4_obvious,tier4_obvious,479.0,645.0,H3:479.0_645.0,0.8942314386367798,True,0.888988733291626,True
H3:224,H3,True,tier4_obvious,tier4_obvious,538.0,567.0,H3:538.0_567.0,0.9352095723152161,True,0.9491199851036072,True
H3:225,H3,True,tier4_obvious,tier4_obvious,596.0,798.0,H3:596.0_798.0,0.9067600965499878,True,0.8147022724151611,True
H3:226,H3,True,tier4_obvious,tier4_obvious,393.0,901.0,H3:393.0_901.0,0.8767649531364441,True,0.924379289150238,True
H3:227,H3,True,tier4_obvious,tier4_obvious,453.0,507.0,H3:453.0_507.0,0.8129770159721375,True,0.8629149794578552,True
H3:228,H3,True,tier4_obvious,tier4_obvious,557.0,741.0,H3:557.0_741.0,0.8119320273399353,True,0.7096402645111084,True
H3:229,H3,True,tier4_obvious,tier4_obvious,431.0,1166.0,H3:431.0_1166.0,0.5595464110374451,True,0.37326282262802124,False
H3:230,H3,True,tier5_resolved,tier5_resolved,548.0,370.0,H3:548.0_370.0,0.9168577194213867,True,0.9749255180358887,True
H3:231,H3,True,tier5_resolved,tier5_resolved,538.0,567.0,H3:538.0_567.0,0.9074675440788269,True,0.9641461968421936,True
H3:232,H3,True,tier5_resolved,tier5_resolved,452.0,794.0,H3:452.0_794.0,0.8217318058013916,True,0.6436774134635925,True
H3:233,H3,True,tier5_resolved,tier5_resolved,518.0,935.0,H3:518.0_935.0,0.609001100063324,True,0.5183243751525879,True
H3:234,H3,True,tier5_resolved,tier5_resolved,472.0,462.0,H3:472.0_462.0,0.8561354875564575,True,0.92942214012146,True
H3:235,H3,True,tier5_resolved,tier5_resolved,440.0,816.0,H3:440.0_816.0,0.5452874302864075,True,0.5446265935897827,True
H3:236,H3,True,tier5_resolved,tier5_resolved,402.0,572.0,H3:402.0_572.0,0.9352460503578186,True,0.9347850680351257,True
H3:237,H3,True,tier5_resolved,tier5_resolved,666.0,470.0,H3:666.0_470.0,0.46497416496276855,False,0.7726635932922363,True
H3:238,H3,True,tier5_resolved,tier5_resolved,533.0,515.0,H3:533.0_515.0,0.8999044895172119,True,0.905838131904602,True
H3:239,H3,True,tier5_resolved,tier5_resolved,393.0,901.0,H3:393.0_901.0,0.8934072256088257,True,0.8884472846984863,True
H3:240,H3,True,tier5_resolved,tier5_resolved,403.0,470.0,H3:403.0_470.0,0.9722432494163513,True,0.9574301838874817,True
H3:241,H3,True,tier5_resolved,tier5_resolved,453.0,507.0,H3:453.0_507.0,0.8326718211174011,True,0.8862546682357788,True
H3:242,H3,True,tier5_resolved,tier5_resolved,420.0,418.0,H3:420.0_418.0,0.8378823399543762,True,0.7713068127632141,True
H3:243,H3,False,hard_negative_no_conformance,tier1_subtle,533.0,515.0,H3:533.0_515.0,0.04154842346906662,False,0.04108944162726402,False
H3:244,H3,False,hard_negative_no_conformance,tier3_at_tuning,666.0,470.0,H3:666.0_470.0,0.34175992012023926,False,0.17828890681266785,False
H3:245,H3,False,hard_negative_no_conformance,tier4_obvious,596.0,798.0,H3:596.0_798.0,0.539424479007721,True,0.2274620682001114,False
H3:246,H3,False,hard_negative_no_conformance,tier5_resolved,518.0,935.0,H3:518.0_935.0,0.02595505490899086,False,0.01322478149086237,False
H3:247,H3,False,hard_negative_no_conformance,tier5_resolved,427.0,588.0,H3:427.0_588.0,0.03300159424543381,False,0.15295566618442535,False
H3:248,H3,False,hard_negative_no_conformance,tier1_subtle,402.0,572.0,H3:402.0_572.0,0.006352719385176897,False,0.008210210129618645,False
H3:249,H3,False,hard_negative_no_conformance,tier2_approaching,374.0,470.0,H3:374.0_470.0,0.026609141379594803,False,0.058043111115694046,False
H3:250,H3,False,hard_negative_no_conformance,tier4_obvious,393.0,901.0,H3:393.0_901.0,0.5423803925514221,True,0.16504430770874023,False
H3:251,H3,False,hard_negative_no_conformance,tier3_at_tuning,663.0,355.0,H3:663.0_355.0,0.4290628731250763,False,0.35286709666252136,False
H3:252,H3,False,hard_negative_no_conformance,tier2_approaching,472.0,462.0,H3:472.0_462.0,0.04083731770515442,False,0.013527357019484043,False
H3:253,H3,False,hard_negative_no_conformance,tier2_approaching,420.0,418.0,H3:420.0_418.0,0.03758499026298523,False,0.05573854222893715,False
H3:254,H3,False,hard_negative_no_conformance,tier4_obvious,453.0,507.0,H3:453.0_507.0,0.045094117522239685,False,0.04772712290287018,False
H3:255,H3,False,hard_negative_no_conformance,tier1_subtle,538.0,567.0,H3:538.0_567.0,0.08242539316415787,False,0.03735934570431709,False
H3:256,H3,False,hard_negative_no_conformance,tier3_at_tuning,504.0,424.0,H3:504.0_424.0,0.1338375359773636,False,0.15899860858917236,False
H3:257,H3,False,hard_negative_syncline,tier2_approaching,539.0,932.0,H3:539.0_932.0,0.4768470227718353,False,0.13936130702495575,False
H3:258,H3,False,hard_negative_syncline,tier1_subtle,622.0,650.0,H3:622.0_650.0,0.4163702428340912,False,0.5820314884185791,True
H3:259,H3,False,hard_negative_syncline,tier1_subtle,379.0,597.0,H3:379.0_597.0,0.34315061569213867,False,0.6383870244026184,True
H3:260,H3,False,hard_negative_syncline,tier3_at_tuning,535.0,902.0,H3:535.0_902.0,0.29967284202575684,False,0.18759700655937195,False
H3:261,H3,False,hard_negative_syncline,tier2_approaching,386.0,1038.0,H3:386.0_1038.0,0.24221749603748322,False,0.44110172986984253,False
H3:262,H3,False,hard_negative_syncline,tier2_approaching,545.0,787.0,H3:545.0_787.0,0.0479993000626564,False,0.15900304913520813,False
H3:263,H3,False,hard_negative_syncline,tier5_resolved,605.0,1056.0,H3:605.0_1056.0,0.7751113176345825,True,0.7057886123657227,True
H3:264,H3,False,hard_negative_syncline,tier3_at_tuning,384.0,449.0,H3:384.0_449.0,0.5518940687179565,True,0.5532727241516113,True
H3:265,H3,False,hard_negative_syncline,tier5_resolved,539.0,1141.0,H3:539.0_1141.0,0.08418946713209152,False,0.1779576689004898,False
H3:266,H3,False,hard_negative_syncline,tier2_approaching,409.0,612.0,H3:409.0_612.0,0.36314237117767334,False,0.6505193114280701,True
H3:267,H3,False,hard_negative_syncline,tier5_resolved,529.0,868.0,H3:529.0_868.0,0.10075151175260544,False,0.24132254719734192,False
H3:268,H3,False,hard_negative_syncline,tier2_approaching,406.0,831.0,H3:406.0_831.0,0.09462196379899979,False,0.42543360590934753,False
H3:269,H3,False,hard_negative_syncline,tier4_obvious,379.0,857.0,H3:379.0_857.0,0.024598518386483192,False,0.09213902056217194,False
H3:270,H3,False,hard_negative_syncline,tier4_obvious,660.0,1043.0,H3:660.0_1043.0,0.6298981308937073,True,0.42164987325668335,False
H3:271,H3,False,hard_negative_syncline,tier5_resolved,644.0,444.0,H3:644.0_444.0,0.8807026147842407,True,0.31272152066230774,False
H3:272,H3,False,hard_negative_single_reflector,tier3_at_tuning,500.0,396.0,H3:500.0_396.0,0.9278380870819092,True,0.9326310753822327,True
H3:273,H3,False,hard_negative_single_reflector,tier4_obvious,472.0,462.0,H3:472.0_462.0,0.8334271907806396,True,0.9372216463088989,True
H3:274,H3,False,hard_negative_single_reflector,tier4_obvious,518.0,935.0,H3:518.0_935.0,0.1294768750667572,False,0.08205491304397583,False
H3:275,H3,False,hard_negative_single_reflector,tier2_approaching,374.0,470.0,H3:374.0_470.0,0.8772455453872681,True,0.9216342568397522,True
H3:276,H3,False,hard_negative_single_reflector,tier4_obvious,453.0,507.0,H3:453.0_507.0,0.8610824346542358,True,0.9046409726142883,True
H3:277,H3,False,hard_negative_single_reflector,tier3_at_tuning,452.0,794.0,H3:452.0_794.0,0.6742324829101562,True,0.5559034943580627,True
H3:278,H3,False,hard_negative_single_reflector,tier2_approaching,663.0,355.0,H3:663.0_355.0,0.8430588841438293,True,0.7049843668937683,True
H3:279,H3,False,hard_negative_single_reflector,tier2_approaching,393.0,901.0,H3:393.0_901.0,0.8021299839019775,True,0.8032201528549194,True
H3:280,H3,False,hard_negative_single_reflector,tier1_subtle,548.0,370.0,H3:548.0_370.0,0.7597625851631165,True,0.9551351070404053,True
H3:281,H3,False,hard_negative_single_reflector,tier2_approaching,403.0,470.0,H3:403.0_470.0,0.915687620639801,True,0.892291784286499,True
H3:282,H3,False,hard_negative_single_reflector,tier2_approaching,557.0,741.0,H3:557.0_741.0,0.7954087257385254,True,0.7593452334403992,True
H3:283,H3,False,hard_negative_single_reflector,tier1_subtle,596.0,798.0,H3:596.0_798.0,0.9182108640670776,True,0.8208799362182617,True
H3:284,H3,False,hard_negative_single_reflector,tier2_approaching,431.0,1166.0,H3:431.0_1166.0,0.6570413112640381,True,0.5171077847480774,True
H3:285,H3,False,hard_negative_single_reflector,tier4_obvious,447.0,379.0,H3:447.0_379.0,0.8671875596046448,True,0.826946496963501,True
H3:286,H3,False,hard_negative_tuning,tier3_at_tuning,452.0,794.0,H3:452.0_794.0,0.6421229243278503,True,0.5353802442550659,True
H3:287,H3,False,hard_negative_tuning,tier3_at_tuning,479.0,645.0,H3:479.0_645.0,0.5348837971687317,True,0.494039922952652,False
H3:288,H3,False,hard_negative_tuning,tier3_at_tuning,447.0,379.0,H3:447.0_379.0,0.7286946177482605,True,0.6431699991226196,True
H3:289,H3,False,hard_negative_tuning,tier3_at_tuning,427.0,588.0,H3:427.0_588.0,0.5194487571716309,True,0.5614163279533386,True
H3:290,H3,False,hard_negative_tuning,tier3_at_tuning,518.0,935.0,H3:518.0_935.0,0.04232034832239151,False,0.02343020960688591,False
H3:291,H3,False,hard_negative_tuning,tier3_at_tuning,472.0,462.0,H3:472.0_462.0,0.39723941683769226,False,0.43970969319343567,False
H3:292,H3,False,hard_negative_tuning,tier3_at_tuning,666.0,470.0,H3:666.0_470.0,0.49904149770736694,False,0.7195101380348206,True
H3:293,H3,False,hard_negative_tuning,tier3_at_tuning,393.0,901.0,H3:393.0_901.0,0.7039315104484558,True,0.6855871677398682,True
H3:294,H3,False,hard_negative_tuning,tier3_at_tuning,374.0,470.0,H3:374.0_470.0,0.730193018913269,True,0.5236754417419434,True
H3:295,H3,False,hard_negative_tuning,tier3_at_tuning,663.0,355.0,H3:663.0_355.0,0.5795571804046631,True,0.6150790452957153,True
dim_spot:0,dim_spot,True,dim_spot,dim_spot_tier1,153.0,469.0,dim_spot:153.0_469.0,0.3822011351585388,False,0.2726076543331146,False
dim_spot:1,dim_spot,True,dim_spot,dim_spot_tier1,191.0,995.0,dim_spot:191.0_995.0,0.7893825173377991,True,0.7118537425994873,True
dim_spot:2,dim_spot,True,dim_spot,dim_spot_tier1,191.0,995.0,dim_spot:191.0_995.0,0.6392439007759094,True,0.4501868486404419,False
dim_spot:3,dim_spot,True,dim_spot,dim_spot_tier1,153.0,469.0,dim_spot:153.0_469.0,0.30746713280677795,False,0.29244330525398254,False
dim_spot:4,dim_spot,True,dim_spot,dim_spot_tier1,247.0,922.0,dim_spot:247.0_922.0,0.5069130659103394,True,0.5012277364730835,True
dim_spot:5,dim_spot,True,dim_spot,dim_spot_tier1,194.0,1069.0,dim_spot:194.0_1069.0,0.6560455560684204,True,0.6371741890907288,True
dim_spot:6,dim_spot,True,dim_spot,dim_spot_tier1,180.0,426.0,dim_spot:180.0_426.0,0.2914925515651703,False,0.4668199419975281,False
dim_spot:7,dim_spot,True,dim_spot,dim_spot_tier1,194.0,1069.0,dim_spot:194.0_1069.0,0.649873673915863,True,0.6371741890907288,True
dim_spot:8,dim_spot,True,dim_spot,dim_spot_tier1,251.0,429.0,dim_spot:251.0_429.0,0.2372749149799347,False,0.6855827569961548,True
dim_spot:9,dim_spot,True,dim_spot,dim_spot_tier1,247.0,922.0,dim_spot:247.0_922.0,0.5069130659103394,True,0.5012277364730835,True
dim_spot:10,dim_spot,True,dim_spot,dim_spot_tier1,157.0,1038.0,dim_spot:157.0_1038.0,0.4266643524169922,False,0.36322861909866333,False
dim_spot:11,dim_spot,True,dim_spot,dim_spot_tier1,157.0,1038.0,dim_spot:157.0_1038.0,0.324710488319397,False,0.30718615651130676,False
dim_spot:12,dim_spot,True,dim_spot,dim_spot_tier1,251.0,429.0,dim_spot:251.0_429.0,0.2849189043045044,False,0.6934688687324524,True
dim_spot:13,dim_spot,True,dim_spot,dim_spot_tier1,191.0,995.0,dim_spot:191.0_995.0,0.7893825173377991,True,0.6807126998901367,True
dim_spot:14,dim_spot,True,dim_spot,dim_spot_tier2,153.0,469.0,dim_spot:153.0_469.0,0.49749743938446045,False,0.32145577669143677,False
dim_spot:15,dim_spot,True,dim_spot,dim_spot_tier2,153.0,469.0,dim_spot:153.0_469.0,0.5131661295890808,True,0.40527409315109253,False
dim_spot:16,dim_spot,True,dim_spot,dim_spot_tier2,194.0,1069.0,dim_spot:194.0_1069.0,0.6684695482254028,True,0.6347525715827942,True
dim_spot:17,dim_spot,True,dim_spot,dim_spot_tier2,251.0,429.0,dim_spot:251.0_429.0,0.21948941051959991,False,0.3980349898338318,False
dim_spot:18,dim_spot,True,dim_spot,dim_spot_tier2,153.0,469.0,dim_spot:153.0_469.0,0.5158782005310059,True,0.36478084325790405,False
dim_spot:19,dim_spot,True,dim_spot,dim_spot_tier2,247.0,922.0,dim_spot:247.0_922.0,0.4136210083961487,False,0.3614063262939453,False
dim_spot:20,dim_spot,True,dim_spot,dim_spot_tier2,191.0,995.0,dim_spot:191.0_995.0,0.6339687705039978,True,0.3469826579093933,False
dim_spot:21,dim_spot,True,dim_spot,dim_spot_tier2,247.0,922.0,dim_spot:247.0_922.0,0.5312364101409912,True,0.4958531856536865,False
dim_spot:22,dim_spot,True,dim_spot,dim_spot_tier2,251.0,429.0,dim_spot:251.0_429.0,0.32139071822166443,False,0.5206345319747925,True
dim_spot:23,dim_spot,True,dim_spot,dim_spot_tier2,191.0,995.0,dim_spot:191.0_995.0,0.4260564148426056,False,0.23454491794109344,False
dim_spot:24,dim_spot,True,dim_spot,dim_spot_tier2,191.0,995.0,dim_spot:191.0_995.0,0.6117973327636719,True,0.3469826579093933,False
dim_spot:25,dim_spot,True,dim_spot,dim_spot_tier2,157.0,1038.0,dim_spot:157.0_1038.0,0.324710488319397,False,0.33319512009620667,False
dim_spot:26,dim_spot,True,dim_spot,dim_spot_tier2,194.0,1069.0,dim_spot:194.0_1069.0,0.6684695482254028,True,0.6347525715827942,True
dim_spot:27,dim_spot,True,dim_spot,dim_spot_tier3,180.0,426.0,dim_spot:180.0_426.0,0.3543563783168793,False,0.2381552755832672,False
dim_spot:28,dim_spot,True,dim_spot,dim_spot_tier3,194.0,1069.0,dim_spot:194.0_1069.0,0.8130937814712524,True,0.5977109670639038,True
dim_spot:29,dim_spot,True,dim_spot,dim_spot_tier3,180.0,426.0,dim_spot:180.0_426.0,0.399127721786499,False,0.22944273054599762,False
dim_spot:30,dim_spot,True,dim_spot,dim_spot_tier3,180.0,426.0,dim_spot:180.0_426.0,0.467043936252594,False,0.24919496476650238,False
dim_spot:31,dim_spot,True,dim_spot,dim_spot_tier3,180.0,426.0,dim_spot:180.0_426.0,0.39866483211517334,False,0.226114422082901,False
dim_spot:32,dim_spot,True,dim_spot,dim_spot_tier3,191.0,995.0,dim_spot:191.0_995.0,0.828595757484436,True,0.7942773103713989,True
dim_spot:33,dim_spot,True,dim_spot,dim_spot_tier3,157.0,1038.0,dim_spot:157.0_1038.0,0.30491873621940613,False,0.229073166847229,False
dim_spot:34,dim_spot,True,dim_spot,dim_spot_tier3,194.0,1069.0,dim_spot:194.0_1069.0,0.7834433913230896,True,0.6056082844734192,True
dim_spot:35,dim_spot,True,dim_spot,dim_spot_tier3,251.0,429.0,dim_spot:251.0_429.0,0.5365614295005798,True,0.23994852602481842,False
dim_spot:36,dim_spot,True,dim_spot,dim_spot_tier3,157.0,1038.0,dim_spot:157.0_1038.0,0.30491873621940613,False,0.229073166847229,False
dim_spot:37,dim_spot,True,dim_spot,dim_spot_tier3,153.0,469.0,dim_spot:153.0_469.0,0.3320445120334625,False,0.43001803755760193,False
dim_spot:38,dim_spot,True,dim_spot,dim_spot_tier3,247.0,922.0,dim_spot:247.0_922.0,0.419796884059906,False,0.48196840286254883,False
dim_spot:39,dim_spot,True,dim_spot,dim_spot_tier3,191.0,995.0,dim_spot:191.0_995.0,0.6882941126823425,True,0.543056070804596,True
dim_spot:40,dim_spot,True,dim_spot,dim_spot_tier4,194.0,1069.0,dim_spot:194.0_1069.0,0.6026502251625061,True,0.6375239491462708,True
dim_spot:41,dim_spot,True,dim_spot,dim_spot_tier4,157.0,1038.0,dim_spot:157.0_1038.0,0.3102167248725891,False,0.205954909324646,False
dim_spot:42,dim_spot,True,dim_spot,dim_spot_tier4,180.0,426.0,dim_spot:180.0_426.0,0.16329669952392578,False,0.26427122950553894,False
dim_spot:43,dim_spot,True,dim_spot,dim_spot_tier4,251.0,429.0,dim_spot:251.0_429.0,0.21669477224349976,False,0.2523925304412842,False
dim_spot:44,dim_spot,True,dim_spot,dim_spot_tier4,157.0,1038.0,dim_spot:157.0_1038.0,0.30491873621940613,False,0.15173093974590302,False
dim_spot:45,dim_spot,True,dim_spot,dim_spot_tier4,191.0,995.0,dim_spot:191.0_995.0,0.7642372846603394,True,0.6814207434654236,True
dim_spot:46,dim_spot,True,dim_spot,dim_spot_tier4,153.0,469.0,dim_spot:153.0_469.0,0.20504994690418243,False,0.31683486700057983,False
dim_spot:47,dim_spot,True,dim_spot,dim_spot_tier4,251.0,429.0,dim_spot:251.0_429.0,0.21283221244812012,False,0.09589368104934692,False
dim_spot:48,dim_spot,True,dim_spot,dim_spot_tier4,191.0,995.0,dim_spot:191.0_995.0,0.6882941126823425,True,0.47731703519821167,False
dim_spot:49,dim_spot,True,dim_spot,dim_spot_tier4,180.0,426.0,dim_spot:180.0_426.0,0.47873789072036743,False,0.2675502896308899,False
dim_spot:50,dim_spot,True,dim_spot,dim_spot_tier4,157.0,1038.0,dim_spot:157.0_1038.0,0.3102167248725891,False,0.215783953666687,False
dim_spot:51,dim_spot,True,dim_spot,dim_spot_tier4,191.0,995.0,dim_spot:191.0_995.0,0.6676884889602661,True,0.43533387780189514,False
dim_spot:52,dim_spot,True,dim_spot,dim_spot_tier1,433.0,778.0,dim_spot:433.0_778.0,0.33140668272972107,False,0.47128206491470337,False
dim_spot:53,dim_spot,True,dim_spot,dim_spot_tier1,403.0,786.0,dim_spot:403.0_786.0,0.6228413581848145,True,0.6279306411743164,True
dim_spot:54,dim_spot,True,dim_spot,dim_spot_tier1,371.0,837.0,dim_spot:371.0_837.0,0.09204844385385513,False,0.18823355436325073,False
dim_spot:55,dim_spot,True,dim_spot,dim_spot_tier1,433.0,778.0,dim_spot:433.0_778.0,0.3415086567401886,False,0.47640424966812134,False
dim_spot:56,dim_spot,True,dim_spot,dim_spot_tier1,385.0,868.0,dim_spot:385.0_868.0,0.3093533515930176,False,0.17055360972881317,False
dim_spot:57,dim_spot,True,dim_spot,dim_spot_tier1,371.0,837.0,dim_spot:371.0_837.0,0.11322496831417084,False,0.217776820063591,False
dim_spot:58,dim_spot,True,dim_spot,dim_spot_tier1,385.0,868.0,dim_spot:385.0_868.0,0.33258283138275146,False,0.1507486253976822,False
dim_spot:59,dim_spot,True,dim_spot,dim_spot_tier1,403.0,786.0,dim_spot:403.0_786.0,0.6228413581848145,True,0.6279306411743164,True
dim_spot:60,dim_spot,True,dim_spot,dim_spot_tier2,371.0,837.0,dim_spot:371.0_837.0,0.1106669157743454,False,0.1366909295320511,False
dim_spot:61,dim_spot,True,dim_spot,dim_spot_tier2,433.0,778.0,dim_spot:433.0_778.0,0.3591287434101105,False,0.47513827681541443,False
dim_spot:62,dim_spot,True,dim_spot,dim_spot_tier2,385.0,868.0,dim_spot:385.0_868.0,0.33258283138275146,False,0.15643252432346344,False
dim_spot:63,dim_spot,True,dim_spot,dim_spot_tier2,371.0,837.0,dim_spot:371.0_837.0,0.1106669157743454,False,0.1282498985528946,False
dim_spot:64,dim_spot,True,dim_spot,dim_spot_tier2,403.0,786.0,dim_spot:403.0_786.0,0.6228413581848145,True,0.5227126479148865,True
dim_spot:65,dim_spot,True,dim_spot,dim_spot_tier2,403.0,786.0,dim_spot:403.0_786.0,0.6228413581848145,True,0.5227126479148865,True
dim_spot:66,dim_spot,True,dim_spot,dim_spot_tier2,371.0,837.0,dim_spot:371.0_837.0,0.1106669157743454,False,0.1282498985528946,False
dim_spot:67,dim_spot,True,dim_spot,dim_spot_tier3,403.0,786.0,dim_spot:403.0_786.0,0.6682339310646057,True,0.45593392848968506,False
dim_spot:68,dim_spot,True,dim_spot,dim_spot_tier3,385.0,868.0,dim_spot:385.0_868.0,0.33258283138275146,False,0.1800038069486618,False
dim_spot:69,dim_spot,True,dim_spot,dim_spot_tier3,433.0,778.0,dim_spot:433.0_778.0,0.3662126362323761,False,0.47003886103630066,False
dim_spot:70,dim_spot,True,dim_spot,dim_spot_tier3,403.0,786.0,dim_spot:403.0_786.0,0.6342902183532715,True,0.3801542818546295,False
dim_spot:71,dim_spot,True,dim_spot,dim_spot_tier3,385.0,868.0,dim_spot:385.0_868.0,0.27477991580963135,False,0.1800038069486618,False
dim_spot:72,dim_spot,True,dim_spot,dim_spot_tier3,385.0,868.0,dim_spot:385.0_868.0,0.33258283138275146,False,0.11342354118824005,False
dim_spot:73,dim_spot,True,dim_spot,dim_spot_tier3,371.0,837.0,dim_spot:371.0_837.0,0.15454760193824768,False,0.14147885143756866,False
dim_spot:74,dim_spot,True,dim_spot,dim_spot_tier3,385.0,868.0,dim_spot:385.0_868.0,0.33258283138275146,False,0.15856589376926422,False
dim_spot:75,dim_spot,True,dim_spot,dim_spot_tier4,385.0,868.0,dim_spot:385.0_868.0,0.3387448787689209,False,0.15929721295833588,False
dim_spot:76,dim_spot,True,dim_spot,dim_spot_tier4,433.0,778.0,dim_spot:433.0_778.0,0.3521803617477417,False,0.47128206491470337,False
dim_spot:77,dim_spot,True,dim_spot,dim_spot_tier4,385.0,868.0,dim_spot:385.0_868.0,0.33258283138275146,False,0.15643252432346344,False
dim_spot:78,dim_spot,True,dim_spot,dim_spot_tier4,403.0,786.0,dim_spot:403.0_786.0,0.6242951154708862,True,0.4982315003871918,False
dim_spot:79,dim_spot,True,dim_spot,dim_spot_tier4,371.0,837.0,dim_spot:371.0_837.0,0.14316986501216888,False,0.13256527483463287,False
dim_spot:80,dim_spot,True,dim_spot,dim_spot_tier4,403.0,786.0,dim_spot:403.0_786.0,0.649246335029602,True,0.472751259803772,False
dim_spot:81,dim_spot,True,dim_spot,dim_spot_tier1,222.0,983.0,dim_spot:222.0_983.0,0.7032830715179443,True,0.8139671087265015,True
dim_spot:82,dim_spot,True,dim_spot,dim_spot_tier1,222.0,983.0,dim_spot:222.0_983.0,0.6885020732879639,True,0.8157168030738831,True
dim_spot:83,dim_spot,True,dim_spot,dim_spot_tier1,316.0,504.0,dim_spot:316.0_504.0,0.49358782172203064,False,0.495126873254776,False
dim_spot:84,dim_spot,True,dim_spot,dim_spot_tier1,179.0,1019.0,dim_spot:179.0_1019.0,0.7631340026855469,True,0.591223418712616,True
dim_spot:85,dim_spot,True,dim_spot,dim_spot_tier1,269.0,722.0,dim_spot:269.0_722.0,0.22685547173023224,False,0.34553027153015137,False
dim_spot:86,dim_spot,True,dim_spot,dim_spot_tier1,303.0,613.0,dim_spot:303.0_613.0,0.340226948261261,False,0.2098395973443985,False
dim_spot:87,dim_spot,True,dim_spot,dim_spot_tier1,180.0,447.0,dim_spot:180.0_447.0,0.2939871549606323,False,0.19780884683132172,False
dim_spot:88,dim_spot,True,dim_spot,dim_spot_tier1,344.0,518.0,dim_spot:344.0_518.0,0.5056089758872986,True,0.5066654086112976,True
dim_spot:89,dim_spot,True,dim_spot,dim_spot_tier1,248.0,582.0,dim_spot:248.0_582.0,0.5378907918930054,True,0.684772789478302,True
dim_spot:90,dim_spot,True,dim_spot,dim_spot_tier1,294.0,558.0,dim_spot:294.0_558.0,0.6037722826004028,True,0.5559803247451782,True
dim_spot:91,dim_spot,True,dim_spot,dim_spot_tier1,294.0,558.0,dim_spot:294.0_558.0,0.6037722826004028,True,0.5559803247451782,True
dim_spot:92,dim_spot,True,dim_spot,dim_spot_tier1,170.0,768.0,dim_spot:170.0_768.0,0.3687669038772583,False,0.31664568185806274,False
dim_spot:93,dim_spot,True,dim_spot,dim_spot_tier1,236.0,1054.0,dim_spot:236.0_1054.0,0.4292832314968109,False,0.5042464733123779,True
dim_spot:94,dim_spot,True,dim_spot,dim_spot_tier1,185.0,523.0,dim_spot:185.0_523.0,0.24962107837200165,False,0.35616618394851685,False
dim_spot:95,dim_spot,True,dim_spot,dim_spot_tier1,241.0,681.0,dim_spot:241.0_681.0,0.5578476190567017,True,0.6668344140052795,True
dim_spot:96,dim_spot,True,dim_spot,dim_spot_tier2,176.0,396.0,dim_spot:176.0_396.0,0.4192703366279602,False,0.3426257073879242,False
dim_spot:97,dim_spot,True,dim_spot,dim_spot_tier2,341.0,1163.0,dim_spot:341.0_1163.0,0.32356396317481995,False,0.32504457235336304,False
dim_spot:98,dim_spot,True,dim_spot,dim_spot_tier2,344.0,518.0,dim_spot:344.0_518.0,0.5219178795814514,True,0.5403536558151245,True
dim_spot:99,dim_spot,True,dim_spot,dim_spot_tier2,179.0,1019.0,dim_spot:179.0_1019.0,0.7683554887771606,True,0.5973108410835266,True
dim_spot:100,dim_spot,True,dim_spot,dim_spot_tier2,341.0,1163.0,dim_spot:341.0_1163.0,0.31725749373435974,False,0.37710660696029663,False
dim_spot:101,dim_spot,True,dim_spot,dim_spot_tier2,180.0,447.0,dim_spot:180.0_447.0,0.28585365414619446,False,0.21165592968463898,False
dim_spot:102,dim_spot,True,dim_spot,dim_spot_tier2,344.0,518.0,dim_spot:344.0_518.0,0.5219178795814514,True,0.5465322732925415,True
dim_spot:103,dim_spot,True,dim_spot,dim_spot_tier2,236.0,1054.0,dim_spot:236.0_1054.0,0.4292832314968109,False,0.5042464733123779,True
dim_spot:104,dim_spot,True,dim_spot,dim_spot_tier2,236.0,1054.0,dim_spot:236.0_1054.0,0.43454837799072266,False,0.4991872310638428,False
dim_spot:105,dim_spot,True,dim_spot,dim_spot_tier2,316.0,504.0,dim_spot:316.0_504.0,0.5634108781814575,True,0.587308406829834,True
dim_spot:106,dim_spot,True,dim_spot,dim_spot_tier2,248.0,582.0,dim_spot:248.0_582.0,0.4862743616104126,False,0.6874144077301025,True
dim_spot:107,dim_spot,True,dim_spot,dim_spot_tier2,316.0,504.0,dim_spot:316.0_504.0,0.5634108781814575,True,0.5887843370437622,True
dim_spot:108,dim_spot,True,dim_spot,dim_spot_tier2,179.0,1019.0,dim_spot:179.0_1019.0,0.7683554887771606,True,0.5973108410835266,True
dim_spot:109,dim_spot,True,dim_spot,dim_spot_tier2,244.0,1013.0,dim_spot:244.0_1013.0,0.4889640212059021,False,0.3846145272254944,False
dim_spot:110,dim_spot,True,dim_spot,dim_spot_tier2,151.0,1036.0,dim_spot:151.0_1036.0,0.3519724905490875,False,0.3072091341018677,False
dim_spot:111,dim_spot,True,dim_spot,dim_spot_tier3,241.0,681.0,dim_spot:241.0_681.0,0.6868289113044739,True,0.7138591408729553,True
dim_spot:112,dim_spot,True,dim_spot,dim_spot_tier3,303.0,613.0,dim_spot:303.0_613.0,0.340226948261261,False,0.183633491396904,False
dim_spot:113,dim_spot,True,dim_spot,dim_spot_tier3,176.0,396.0,dim_spot:176.0_396.0,0.3736099302768707,False,0.30952298641204834,False
dim_spot:114,dim_spot,True,dim_spot,dim_spot_tier3,218.0,478.0,dim_spot:218.0_478.0,0.4053725302219391,False,0.36709943413734436,False
dim_spot:115,dim_spot,True,dim_spot,dim_spot_tier3,316.0,504.0,dim_spot:316.0_504.0,0.5963717699050903,True,0.5886849761009216,True
dim_spot:116,dim_spot,True,dim_spot,dim_spot_tier3,330.0,896.0,dim_spot:330.0_896.0,0.49860307574272156,False,0.47183823585510254,False
dim_spot:117,dim_spot,True,dim_spot,dim_spot_tier3,176.0,396.0,dim_spot:176.0_396.0,0.40361878275871277,False,0.3426257073879242,False
dim_spot:118,dim_spot,True,dim_spot,dim_spot_tier3,330.0,896.0,dim_spot:330.0_896.0,0.49860307574272156,False,0.5345667600631714,True
dim_spot:119,dim_spot,True,dim_spot,dim_spot_tier3,241.0,681.0,dim_spot:241.0_681.0,0.6892152428627014,True,0.7755589485168457,True
dim_spot:120,dim_spot,True,dim_spot,dim_spot_tier3,330.0,896.0,dim_spot:330.0_896.0,0.49860307574272156,False,0.48821741342544556,False
dim_spot:121,dim_spot,True,dim_spot,dim_spot_tier3,338.0,826.0,dim_spot:338.0_826.0,0.42331311106681824,False,0.4225528836250305,False
dim_spot:122,dim_spot,True,dim_spot,dim_spot_tier3,344.0,518.0,dim_spot:344.0_518.0,0.6027266979217529,True,0.5403536558151245,True
dim_spot:123,dim_spot,True,dim_spot,dim_spot_tier3,222.0,983.0,dim_spot:222.0_983.0,0.8011570572853088,True,0.7952443361282349,True
dim_spot:124,dim_spot,True,dim_spot,dim_spot_tier3,344.0,518.0,dim_spot:344.0_518.0,0.6027266979217529,True,0.5403536558151245,True
dim_spot:125,dim_spot,True,dim_spot,dim_spot_tier3,344.0,518.0,dim_spot:344.0_518.0,0.6027266979217529,True,0.5403536558151245,True
dim_spot:126,dim_spot,True,dim_spot,dim_spot_tier4,341.0,1163.0,dim_spot:341.0_1163.0,0.36586886644363403,False,0.3837284445762634,False
dim_spot:127,dim_spot,True,dim_spot,dim_spot_tier4,244.0,1013.0,dim_spot:244.0_1013.0,0.465776264667511,False,0.4075377881526947,False
dim_spot:128,dim_spot,True,dim_spot,dim_spot_tier4,338.0,826.0,dim_spot:338.0_826.0,0.4148894250392914,False,0.46113619208335876,False
dim_spot:129,dim_spot,True,dim_spot,dim_spot_tier4,179.0,1019.0,dim_spot:179.0_1019.0,0.7776046991348267,True,0.5980063080787659,True
dim_spot:130,dim_spot,True,dim_spot,dim_spot_tier4,176.0,396.0,dim_spot:176.0_396.0,0.29606249928474426,False,0.29344937205314636,False
dim_spot:131,dim_spot,True,dim_spot,dim_spot_tier4,241.0,681.0,dim_spot:241.0_681.0,0.7664577960968018,True,0.8389017581939697,True
dim_spot:132,dim_spot,True,dim_spot,dim_spot_tier4,179.0,1019.0,dim_spot:179.0_1019.0,0.7572930455207825,True,0.5926188230514526,True
dim_spot:133,dim_spot,True,dim_spot,dim_spot_tier4,185.0,523.0,dim_spot:185.0_523.0,0.36057913303375244,False,0.37538158893585205,False
dim_spot:134,dim_spot,True,dim_spot,dim_spot_tier4,179.0,1019.0,dim_spot:179.0_1019.0,0.7572930455207825,True,0.5668581128120422,True
dim_spot:135,dim_spot,True,dim_spot,dim_spot_tier4,269.0,722.0,dim_spot:269.0_722.0,0.2940134108066559,False,0.2750580906867981,False
dim_spot:136,dim_spot,True,dim_spot,dim_spot_tier4,180.0,447.0,dim_spot:180.0_447.0,0.3281114995479584,False,0.15492840111255646,False
dim_spot:137,dim_spot,True,dim_spot,dim_spot_tier4,344.0,518.0,dim_spot:344.0_518.0,0.6027266979217529,True,0.5194896459579468,True
dim_spot:138,dim_spot,True,dim_spot,dim_spot_tier4,248.0,582.0,dim_spot:248.0_582.0,0.4400279223918915,False,0.6809734106063843,True
dim_spot:139,dim_spot,True,dim_spot,dim_spot_tier4,248.0,582.0,dim_spot:248.0_582.0,0.4721069633960724,False,0.6908640265464783,True
dim_spot:140,dim_spot,True,dim_spot,dim_spot_tier4,222.0,983.0,dim_spot:222.0_983.0,0.8028022050857544,True,0.7940382957458496,True
dim_spot:141,dim_spot,True,dim_spot,dim_spot_tier1,666.0,470.0,dim_spot:666.0_470.0,0.3755955398082733,False,0.3212183713912964,False
dim_spot:142,dim_spot,True,dim_spot,dim_spot_tier1,453.0,507.0,dim_spot:453.0_507.0,0.7787581086158752,True,0.787824273109436,True
dim_spot:143,dim_spot,True,dim_spot,dim_spot_tier1,440.0,816.0,dim_spot:440.0_816.0,0.6411793231964111,True,0.6138731241226196,True
dim_spot:144,dim_spot,True,dim_spot,dim_spot_tier1,427.0,588.0,dim_spot:427.0_588.0,0.5253415703773499,True,0.43029889464378357,False
dim_spot:145,dim_spot,True,dim_spot,dim_spot_tier1,663.0,355.0,dim_spot:663.0_355.0,0.38466840982437134,False,0.2750672698020935,False
dim_spot:146,dim_spot,True,dim_spot,dim_spot_tier1,479.0,645.0,dim_spot:479.0_645.0,0.6643730998039246,True,0.7327709794044495,True
dim_spot:147,dim_spot,True,dim_spot,dim_spot_tier1,548.0,370.0,dim_spot:548.0_370.0,0.5160453915596008,True,0.6753079891204834,True
dim_spot:148,dim_spot,True,dim_spot,dim_spot_tier1,663.0,355.0,dim_spot:663.0_355.0,0.3998068869113922,False,0.24649518728256226,False
dim_spot:149,dim_spot,True,dim_spot,dim_spot_tier1,440.0,816.0,dim_spot:440.0_816.0,0.6271765232086182,True,0.6054875254631042,True
dim_spot:150,dim_spot,True,dim_spot,dim_spot_tier1,557.0,741.0,dim_spot:557.0_741.0,0.6420759558677673,True,0.5987486839294434,True
dim_spot:151,dim_spot,True,dim_spot,dim_spot_tier1,538.0,567.0,dim_spot:538.0_567.0,0.9069655537605286,True,0.9668427109718323,True
dim_spot:152,dim_spot,True,dim_spot,dim_spot_tier1,548.0,370.0,dim_spot:548.0_370.0,0.6897273063659668,True,0.6807151436805725,True
dim_spot:153,dim_spot,True,dim_spot,dim_spot_tier1,504.0,424.0,dim_spot:504.0_424.0,0.4796130061149597,False,0.6135434508323669,True
dim_spot:154,dim_spot,True,dim_spot,dim_spot_tier1,533.0,515.0,dim_spot:533.0_515.0,0.5889368057250977,True,0.7358564734458923,True
dim_spot:155,dim_spot,True,dim_spot,dim_spot_tier1,596.0,798.0,dim_spot:596.0_798.0,0.646215558052063,True,0.43803927302360535,False
dim_spot:156,dim_spot,True,dim_spot,dim_spot_tier2,538.0,567.0,dim_spot:538.0_567.0,0.9135134816169739,True,0.9522680044174194,True
dim_spot:157,dim_spot,True,dim_spot,dim_spot_tier2,402.0,572.0,dim_spot:402.0_572.0,0.8280715942382812,True,0.7700573205947876,True
dim_spot:158,dim_spot,True,dim_spot,dim_spot_tier2,548.0,370.0,dim_spot:548.0_370.0,0.5160453915596008,True,0.6807151436805725,True
dim_spot:159,dim_spot,True,dim_spot,dim_spot_tier2,402.0,572.0,dim_spot:402.0_572.0,0.8280715942382812,True,0.7700573205947876,True
dim_spot:160,dim_spot,True,dim_spot,dim_spot_tier2,538.0,567.0,dim_spot:538.0_567.0,0.9135134816169739,True,0.969872772693634,True
dim_spot:161,dim_spot,True,dim_spot,dim_spot_tier2,663.0,355.0,dim_spot:663.0_355.0,0.3369308114051819,False,0.23843343555927277,False
dim_spot:162,dim_spot,True,dim_spot,dim_spot_tier2,374.0,470.0,dim_spot:374.0_470.0,0.602053165435791,True,0.42732810974121094,False
dim_spot:163,dim_spot,True,dim_spot,dim_spot_tier2,452.0,794.0,dim_spot:452.0_794.0,0.4292236566543579,False,0.38815072178840637,False
dim_spot:164,dim_spot,True,dim_spot,dim_spot_tier2,440.0,816.0,dim_spot:440.0_816.0,0.6271765232086182,True,0.6213042140007019,True
dim_spot:165,dim_spot,True,dim_spot,dim_spot_tier2,548.0,370.0,dim_spot:548.0_370.0,0.6934947371482849,True,0.6807151436805725,True
dim_spot:166,dim_spot,True,dim_spot,dim_spot_tier2,479.0,645.0,dim_spot:479.0_645.0,0.642978310585022,True,0.7209150791168213,True
dim_spot:167,dim_spot,True,dim_spot,dim_spot_tier2,403.0,470.0,dim_spot:403.0_470.0,0.6274958252906799,True,0.39360058307647705,False
dim_spot:168,dim_spot,True,dim_spot,dim_spot_tier2,427.0,588.0,dim_spot:427.0_588.0,0.556835949420929,True,0.4692416191101074,False
dim_spot:169,dim_spot,True,dim_spot,dim_spot_tier2,479.0,645.0,dim_spot:479.0_645.0,0.642978310585022,True,0.7287092804908752,True
dim_spot:170,dim_spot,True,dim_spot,dim_spot_tier2,538.0,567.0,dim_spot:538.0_567.0,0.9135134816169739,True,0.969872772693634,True
dim_spot:171,dim_spot,True,dim_spot,dim_spot_tier3,472.0,462.0,dim_spot:472.0_462.0,0.7500659823417664,True,0.6267688870429993,True
dim_spot:172,dim_spot,True,dim_spot,dim_spot_tier3,447.0,379.0,dim_spot:447.0_379.0,0.48441797494888306,False,0.4657819867134094,False
dim_spot:173,dim_spot,True,dim_spot,dim_spot_tier3,500.0,396.0,dim_spot:500.0_396.0,0.6842432022094727,True,0.5074367523193359,True
dim_spot:174,dim_spot,True,dim_spot,dim_spot_tier3,427.0,588.0,dim_spot:427.0_588.0,0.5455195307731628,True,0.4503816068172455,False
dim_spot:175,dim_spot,True,dim_spot,dim_spot_tier3,403.0,470.0,dim_spot:403.0_470.0,0.6779536008834839,True,0.37296685576438904,False
dim_spot:176,dim_spot,True,dim_spot,dim_spot_tier3,420.0,418.0,dim_spot:420.0_418.0,0.7531183958053589,True,0.8257613182067871,True
dim_spot:177,dim_spot,True,dim_spot,dim_spot_tier3,452.0,794.0,dim_spot:452.0_794.0,0.4313110411167145,False,0.37113943696022034,False
dim_spot:178,dim_spot,True,dim_spot,dim_spot_tier3,427.0,588.0,dim_spot:427.0_588.0,0.5455195307731628,True,0.4558303654193878,False
dim_spot:179,dim_spot,True,dim_spot,dim_spot_tier3,500.0,396.0,dim_spot:500.0_396.0,0.6842432022094727,True,0.5074367523193359,True
dim_spot:180,dim_spot,True,dim_spot,dim_spot_tier3,666.0,470.0,dim_spot:666.0_470.0,0.4445608854293823,False,0.361299991607666,False
dim_spot:181,dim_spot,True,dim_spot,dim_spot_tier3,431.0,1166.0,dim_spot:431.0_1166.0,0.16274721920490265,False,0.19504669308662415,False
dim_spot:182,dim_spot,True,dim_spot,dim_spot_tier3,447.0,379.0,dim_spot:447.0_379.0,0.48441797494888306,False,0.4657819867134094,False
dim_spot:183,dim_spot,True,dim_spot,dim_spot_tier3,596.0,798.0,dim_spot:596.0_798.0,0.6441653966903687,True,0.4250074326992035,False
dim_spot:184,dim_spot,True,dim_spot,dim_spot_tier3,596.0,798.0,dim_spot:596.0_798.0,0.6655175685882568,True,0.4250074326992035,False
dim_spot:185,dim_spot,True,dim_spot,dim_spot_tier3,427.0,588.0,dim_spot:427.0_588.0,0.5542993545532227,True,0.4853271543979645,False
dim_spot:186,dim_spot,True,dim_spot,dim_spot_tier4,402.0,572.0,dim_spot:402.0_572.0,0.7104347944259644,True,0.6261695623397827,True
dim_spot:187,dim_spot,True,dim_spot,dim_spot_tier4,472.0,462.0,dim_spot:472.0_462.0,0.7452538013458252,True,0.6379512548446655,True
dim_spot:188,dim_spot,True,dim_spot,dim_spot_tier4,663.0,355.0,dim_spot:663.0_355.0,0.3596796691417694,False,0.2992253601551056,False
dim_spot:189,dim_spot,True,dim_spot,dim_spot_tier4,453.0,507.0,dim_spot:453.0_507.0,0.6661622524261475,True,0.7718355059623718,True
dim_spot:190,dim_spot,True,dim_spot,dim_spot_tier4,402.0,572.0,dim_spot:402.0_572.0,0.7104347944259644,True,0.6261695623397827,True
dim_spot:191,dim_spot,True,dim_spot,dim_spot_tier4,374.0,470.0,dim_spot:374.0_470.0,0.5161659717559814,True,0.4378754794597626,False
dim_spot:192,dim_spot,True,dim_spot,dim_spot_tier4,427.0,588.0,dim_spot:427.0_588.0,0.5972205400466919,True,0.4886453449726105,False
dim_spot:193,dim_spot,True,dim_spot,dim_spot_tier4,596.0,798.0,dim_spot:596.0_798.0,0.6331033706665039,True,0.43803927302360535,False
dim_spot:194,dim_spot,True,dim_spot,dim_spot_tier4,557.0,741.0,dim_spot:557.0_741.0,0.7058166861534119,True,0.6563233137130737,True
dim_spot:195,dim_spot,True,dim_spot,dim_spot_tier4,447.0,379.0,dim_spot:447.0_379.0,0.48726996779441833,False,0.462054967880249,False
dim_spot:196,dim_spot,True,dim_spot,dim_spot_tier4,452.0,794.0,dim_spot:452.0_794.0,0.4224868416786194,False,0.41878002882003784,False
dim_spot:197,dim_spot,True,dim_spot,dim_spot_tier4,374.0,470.0,dim_spot:374.0_470.0,0.4877049922943115,False,0.4086208641529083,False
dim_spot:198,dim_spot,True,dim_spot,dim_spot_tier4,557.0,741.0,dim_spot:557.0_741.0,0.7227556109428406,True,0.6685096621513367,True
dim_spot:199,dim_spot,True,dim_spot,dim_spot_tier4,393.0,901.0,dim_spot:393.0_901.0,0.4524049162864685,False,0.40788742899894714,False
dim_spot:200,dim_spot,True,dim_spot,dim_spot_tier4,374.0,470.0,dim_spot:374.0_470.0,0.5161659717559814,True,0.4368712604045868,False
aziz_style:0,aziz_style,True,bright_spot,tier1,227.0,984.0,aziz_style:227.0_984.0,0.8042824268341064,True,0.8714964985847473,True
aziz_style:1,aziz_style,True,bright_spot,tier1,236.0,1054.0,aziz_style:236.0_1054.0,0.3116433918476105,False,0.45248427987098694,False
aziz_style:2,aziz_style,True,bright_spot,tier2,151.0,1036.0,aziz_style:151.0_1036.0,0.7608201503753662,True,0.6663954257965088,True
aziz_style:3,aziz_style,True,bright_spot,tier2,166.0,1106.0,aziz_style:166.0_1106.0,0.2672112286090851,False,0.42067086696624756,False
aziz_style:4,aziz_style,True,bright_spot,tier3,236.0,1124.0,aziz_style:236.0_1124.0,0.568519115447998,True,0.8658861517906189,True
aziz_style:5,aziz_style,True,bright_spot,tier3,269.0,914.0,aziz_style:269.0_914.0,0.22491659224033356,False,0.06578154116868973,False
aziz_style:6,aziz_style,True,bright_spot,tier4,295.0,825.0,aziz_style:295.0_825.0,0.06399976462125778,False,0.12193968892097473,False
aziz_style:7,aziz_style,True,bright_spot,tier4,150.0,598.0,aziz_style:150.0_598.0,0.18464592099189758,False,0.3694990277290344,False
aziz_style:8,aziz_style,False,syncline,syncline,278.0,403.0,aziz_style:278.0_403.0,0.5774291753768921,True,0.47881340980529785,False
aziz_style:9,aziz_style,False,syncline,syncline,222.0,598.0,aziz_style:222.0_598.0,0.26441872119903564,False,0.35357099771499634,False
aziz_style:10,aziz_style,False,syncline,syncline,254.0,516.0,aziz_style:254.0_516.0,0.3332210183143616,False,0.3854011595249176,False
aziz_style:11,aziz_style,False,single_reflector,single_reflector,154.0,938.0,aziz_style:154.0_938.0,0.03940100595355034,False,0.126291424036026,False
aziz_style:12,aziz_style,False,single_reflector,single_reflector,177.0,1198.0,aziz_style:177.0_1198.0,0.2621205151081085,False,0.42765262722969055,False
aziz_style:13,aziz_style,False,single_reflector,single_reflector,199.0,868.0,aziz_style:199.0_868.0,0.2610858380794525,False,0.40153440833091736,False
aziz_style:14,aziz_style,False,no_conformance,no_conformance,185.0,727.0,aziz_style:185.0_727.0,0.4092315435409546,False,0.7036757469177246,True
aziz_style:15,aziz_style,False,no_conformance,no_conformance,176.0,525.0,aziz_style:176.0_525.0,0.5750359892845154,True,0.6430045366287231,True
aziz_style:16,aziz_style,False,no_conformance,no_conformance,181.0,368.0,aziz_style:181.0_368.0,0.744961142539978,True,0.15626555681228638,False
aziz_style:17,aziz_style,False,tuning,tuning,247.0,1194.0,aziz_style:247.0_1194.0,0.34375014901161194,False,0.4509568512439728,False
aziz_style:18,aziz_style,False,tuning,tuning,180.0,447.0,aziz_style:180.0_447.0,0.7871423363685608,True,0.665276050567627,True
aziz_style:19,aziz_style,False,tuning,tuning,181.0,798.0,aziz_style:181.0_798.0,0.512759804725647,True,0.37962237000465393,False
aziz_style:20,aziz_style,True,bright_spot,tier1,620.0,1179.0,aziz_style:620.0_1179.0,0.024240974336862564,False,0.011373428627848625,False
aziz_style:21,aziz_style,True,bright_spot,tier2,415.0,882.0,aziz_style:415.0_882.0,0.47623565793037415,False,0.8045005202293396,True
aziz_style:22,aziz_style,True,bright_spot,tier3,550.0,1199.0,aziz_style:550.0_1199.0,0.6698578000068665,True,0.40058526396751404,False
aziz_style:23,aziz_style,True,bright_spot,tier4,415.0,724.0,aziz_style:415.0_724.0,0.6383922100067139,True,0.435929536819458,False
aziz_style:24,aziz_style,False,syncline,syncline,531.0,1049.0,aziz_style:531.0_1049.0,0.28453153371810913,False,0.16498598456382751,False
aziz_style:25,aziz_style,False,single_reflector,single_reflector,452.0,794.0,aziz_style:452.0_794.0,0.7136099934577942,True,0.48897814750671387,False
aziz_style:26,aziz_style,False,no_conformance,no_conformance,465.0,1129.0,aziz_style:465.0_1129.0,0.4678419232368469,False,0.32200780510902405,False
aziz_style:27,aziz_style,False,tuning,tuning,443.0,1057.0,aziz_style:443.0_1057.0,0.5551621913909912,True,0.32097339630126953,False
